director_name,actor_1_name,actor_2_name,actor_3_name,genres,movie_title,genresres,comb
AdamRobitel,LinShaye,AngusSampson,LeighWhannell,'Horror'  'Mystery'  'Thriller',Insidious: The Last Key,'horror'  'mystery'  'thriller',LinShaye AngusSampson LeighWhannell AdamRobitel 'Horror'  'Mystery'  'Thriller'
LaurenWolkstein,AlexPettyfer,JamesFreedson-Jackson,EmilyAlthaus,'Thriller'  'Drama',The Strange Ones,'thriller'  'drama',AlexPettyfer JamesFreedson-Jackson EmilyAlthaus LaurenWolkstein 'Thriller'  'Drama'
SimonWest,DominicCooper,AustinStowell,GemmaChan,'Action'  'Thriller',Stratton,'action'  'thriller',DominicCooper AustinStowell GemmaChan SimonWest 'Action'  'Thriller'
WarwickThornton,BryanBrown,SamNeill,unknown,'Drama'  'History'  'Western',Sweet Country,'drama'  'history'  'western',BryanBrown SamNeill unknown WarwickThornton 'Drama'  'History'  'Western'
JaumeCollet-Serra,LiamNeeson,VeraFarmiga,PatrickWilson,'Action'  'Thriller',The Commuter,'action'  'thriller',LiamNeeson VeraFarmiga PatrickWilson JaumeCollet-Serra 'Action'  'Thriller'
BabakNajafi,TarajiP.Henson,BillyBrown,DannyGlover,'Thriller'  'Action'  'Crime',Proud Mary,'thriller'  'action'  'crime',TarajiP.Henson BillyBrown DannyGlover BabakNajafi 'Thriller'  'Action'  'Crime'
BrettDonowho,BruceWillis,ColeHauser,ShawnAshmore,'Action',Acts of Violence,'action',BruceWillis ColeHauser ShawnAshmore BrettDonowho 'Action'
TrudieStyler,AlexLawther,AbigailBreslin,BetteMidler,'Comedy'  'Drama',Freak Show,'comedy'  'drama',AlexLawther AbigailBreslin BetteMidler TrudieStyler 'Comedy'  'Drama'
SamHoffman,JemaineClement,ElliottGould,IngridMichaelson,'Comedy',Humor Me,'comedy',JemaineClement ElliottGould IngridMichaelson SamHoffman 'Comedy'
DanielaThomas,AdrianoCarvalho,LuanaNastas,unknown,'Drama',Vazante,'drama',AdrianoCarvalho LuanaNastas unknown DanielaThomas 'Drama'
HiromasaYonebayashi,RubyBarnhill,LouisAshbourneSerkis,KateWinslet,'Fantasy'  'Adventure'  'Animation',Mary and the Witch's Flower,'fantasy'  'adventure'  'animation',RubyBarnhill LouisAshbourneSerkis KateWinslet HiromasaYonebayashi 'Fantasy'  'Adventure'  'Animation'
NicolaiFuglsig,ChrisHemsworth,MichaelShannon,MichaelPeña,'War'  'Drama'  'Action'  'History',12 Strong,'war'  'drama'  'action'  'history',ChrisHemsworth MichaelShannon MichaelPeña NicolaiFuglsig 'War'  'Drama'  'Action'  'History'
ChristianGudegast,GerardButler,50Cent,PabloSchreiber,'Action'  'Thriller'  'Crime',Den of Thieves,'action'  'thriller'  'crime',GerardButler 50Cent PabloSchreiber ChristianGudegast 'Action'  'Thriller'  'Crime'
BethanyAshtonWolf,AlexRoe,JessicaRothe,JohnBenjaminHickey,'Romance'  'Drama'  'Music',Forever My Girl,'romance'  'drama'  'music',AlexRoe JessicaRothe JohnBenjaminHickey BethanyAshtonWolf 'Romance'  'Drama'  'Music'
WesBall,DylanO'Brien,KayaScodelario,ThomasBrodie-Sangster,'Science Fiction'  'Action'  'Adventure'  'Thriller',Maze Runner: The Death Cure,'science fiction'  'action'  'adventure'  'thriller',DylanO'Brien KayaScodelario ThomasBrodie-Sangster WesBall 'Science Fiction'  'Action'  'Adventure'  'Thriller'
ZiadDoueiri,AdelKaram,CamilleSalameh,KamelElBasha,'Comedy'  'Crime',The Insult,'comedy'  'crime',AdelKaram CamilleSalameh KamelElBasha ZiadDoueiri 'Comedy'  'Crime'
BenLewin,DakotaFanning,ToniCollette,AliceEve,'Comedy'  'Drama',Please Stand By,'comedy'  'drama',DakotaFanning ToniCollette AliceEve BenLewin 'Comedy'  'Drama'
TheSpierigBrothers,HelenMirren,JasonClarke,SarahSnook,'Horror'  'Thriller',Winchester,'horror'  'thriller',HelenMirren JasonClarke SarahSnook TheSpierigBrothers 'Horror'  'Thriller'
SebastiánLelio,DanielaVega,FranciscoReyes,unknown,'Drama',A Fantastic Woman,'drama',DanielaVega FranciscoReyes unknown SebastiánLelio 'Drama'
MarioVanPeebles,MarioVanPeebles,WilliamFichtner,RyanGuzman,'Action'  'Horror'  'Thriller',Armed,'action'  'horror'  'thriller',MarioVanPeebles WilliamFichtner RyanGuzman MarioVanPeebles 'Action'  'Horror'  'Thriller'
JuliusOnah,DanielBrühl,ElizabethDebicki,AkselHennie,'Horror'  'Science Fiction'  'Action'  'Thriller',The Cloverfield Paradox,'horror'  'science fiction'  'action'  'thriller',DanielBrühl ElizabethDebicki AkselHennie JuliusOnah 'Horror'  'Science Fiction'  'Action'  'Thriller'
BryanCoyne,BreaGrant,GrahamSkipper,AlyFitzgerald,'Horror',Bad Apples,'horror',BreaGrant GrahamSkipper AlyFitzgerald BryanCoyne 'Horror'
WillGluck,JamesCorden,DomhnallGleeson,RoseByrne,'Family'  'Comedy'  'Adventure'  'Animation'  'Fantasy',Peter Rabbit,'family'  'comedy'  'adventure'  'animation'  'fantasy',JamesCorden DomhnallGleeson RoseByrne WillGluck 'Family'  'Comedy'  'Adventure'  'Animation'  'Fantasy'
JamesFoley,DakotaJohnson,JamieDornan,KimBasinger,'Drama'  'Romance',Fifty Shades Freed,'drama'  'romance',DakotaJohnson JamieDornan KimBasinger JamesFoley 'Drama'  'Romance'
ClintEastwood,AnthonySadler,AlekSkarlatos,SpencerStone,'Thriller'  'History'  'Drama',The 15:17 to Paris,'thriller'  'history'  'drama',AnthonySadler AlekSkarlatos SpencerStone ClintEastwood 'Thriller'  'History'  'Drama'
MarcoPoloConstandse,OmarChaparro,MarimarVega,RyanCarnes,'Comedy',La Boda de Valentina,'comedy',OmarChaparro MarimarVega RyanCarnes MarcoPoloConstandse 'Comedy'
SurendraPoudel,AnmolK.C.,AditiBudhathoki,AnoopBikramShahi,None,Kri,none,AnmolK.C. AditiBudhathoki AnoopBikramShahi SurendraPoudel None
BrianCrano,RebeccaHall,DanStevens,MorganSpector,'Comedy'  'Romance'  'Drama',Permission,'comedy'  'romance'  'drama',RebeccaHall DanStevens MorganSpector BrianCrano 'Comedy'  'Romance'  'Drama'
HolgerTappe,EmilyWatson,JasonIsaacs,NickFrost,'Animation'  'Family',Monster Family,'animation'  'family',EmilyWatson JasonIsaacs NickFrost HolgerTappe 'Animation'  'Family'
AlexRossPerry,EmilyBrowning,AdamHorowitz,Mary-LouiseParker,'Drama',Golden Exits,'drama',EmilyBrowning AdamHorowitz Mary-LouiseParker AlexRossPerry 'Drama'
RyanCoogler,ChadwickBoseman,MichaelB.Jordan,LupitaNyong'o,'Action'  'Adventure'  'Science Fiction',Black Panther,'action'  'adventure'  'science fiction',ChadwickBoseman MichaelB.Jordan LupitaNyong'o RyanCoogler 'Action'  'Adventure'  'Science Fiction'
NickPark,EddieRedmayne,TomHiddleston,MaisieWilliams,'Family'  'Comedy'  'Animation'  'Adventure',Early Man,'family'  'comedy'  'animation'  'adventure',EddieRedmayne TomHiddleston MaisieWilliams NickPark 'Family'  'Comedy'  'Animation'  'Adventure'
AndreyZvyagintsev,MaryanaSpivak,AlexeiRozin,MatveyNovikov,'Drama',Loveless,'drama',MaryanaSpivak AlexeiRozin MatveyNovikov AndreyZvyagintsev 'Drama'
SallyPotter,TimothySpall,KristinScottThomas,PatriciaClarkson,'Fantasy'  'Comedy'  'Drama',The Party,'fantasy'  'comedy'  'drama',TimothySpall KristinScottThomas PatriciaClarkson SallyPotter 'Fantasy'  'Comedy'  'Drama'
MarkPellington,JonHamm,NickOfferman,AmberTamblyn,'Drama',Nostalgia,'drama',JonHamm NickOfferman AmberTamblyn MarkPellington 'Drama'
LanceDaly,HugoWeaving,JimBroadbent,StephenRea,'Drama'  'Western',Black '47,'drama'  'western',HugoWeaving JimBroadbent StephenRea LanceDaly 'Drama'  'Western'
BruceMacdonald,TaylorJames,JacksonRathbone,BillyZane,'Action'  'Drama'  'Adventure',Samson,'action'  'drama'  'adventure',TaylorJames JacksonRathbone BillyZane BruceMacdonald 'Action'  'Drama'  'Adventure'
"JonathanGoldstein,JohnFrancisDaley",JasonBateman,RachelMcAdams,KyleChandler,'Mystery'  'Comedy'  'Crime',Game Night,'mystery'  'comedy'  'crime',"JasonBateman RachelMcAdams KyleChandler JonathanGoldstein,JohnFrancisDaley 'Mystery'  'Comedy'  'Crime'"
AlexGarland,NataliePortman,JenniferJasonLeigh,GinaRodriguez,'Science Fiction'  'Horror',Annihilation,'science fiction'  'horror',NataliePortman JenniferJasonLeigh GinaRodriguez AlexGarland 'Science Fiction'  'Horror'
MichaelSucsy,AngourieRice,MariaBello,DebbyRyan,'Drama'  'Fantasy'  'Romance',Every Day,'drama'  'fantasy'  'romance',AngourieRice MariaBello DebbyRyan MichaelSucsy 'Drama'  'Fantasy'  'Romance'
DavidFreyne,EllenPage,SamKeeley,TomVaughan-Lawlor,'Horror'  'Drama'  'Science Fiction',The Cured,'horror'  'drama'  'science fiction',EllenPage SamKeeley TomVaughan-Lawlor DavidFreyne 'Horror'  'Drama'  'Science Fiction'
BrianO'Malley,CharlotteVega,BillMilner,EugeneSimon,'Drama'  'Horror'  'Romance'  'Thriller',The Lodgers,'drama'  'horror'  'romance'  'thriller',CharlotteVega BillMilner EugeneSimon BrianO'Malley 'Drama'  'Horror'  'Romance'  'Thriller'
FrancisLawrence,JenniferLawrence,JoelEdgerton,MatthiasSchoenaerts,'Mystery'  'Thriller',Red Sparrow,'mystery'  'thriller',JenniferLawrence JoelEdgerton MatthiasSchoenaerts FrancisLawrence 'Mystery'  'Thriller'
EliRoth,BruceWillis,VincentD'Onofrio,DeanNorris,'Action'  'Crime'  'Drama'  'Thriller',Death Wish,'action'  'crime'  'drama'  'thriller',BruceWillis VincentD'Onofrio DeanNorris EliRoth 'Action'  'Crime'  'Drama'  'Thriller'
ShawnChristensen,LoganLerman,ElleFanning,MichelleMonaghan,'Mystery'  'Drama',The Vanishing of Sidney Hall,'mystery'  'drama',LoganLerman ElleFanning MichelleMonaghan ShawnChristensen 'Mystery'  'Drama'
SamuelMaoz,LiorAshkenazi,SarahAdler,YonatanShiray,'Comedy'  'Drama'  'War',Foxtrot,'comedy'  'drama'  'war',LiorAshkenazi SarahAdler YonatanShiray SamuelMaoz 'Comedy'  'Drama'  'War'
UsherMorgan,ElysePrice,JoelBernard,KatieVincent,'Thriller'  'Action'  'Crime'  'Drama'  'Mystery',Pickings,'thriller'  'action'  'crime'  'drama'  'mystery',ElysePrice JoelBernard KatieVincent UsherMorgan 'Thriller'  'Action'  'Crime'  'Drama'  'Mystery'
AvaDuVernay,StormReid,OprahWinfrey,ReeseWitherspoon,'Adventure'  'Science Fiction'  'Family'  'Fantasy',A Wrinkle in Time,'adventure'  'science fiction'  'family'  'fantasy',StormReid OprahWinfrey ReeseWitherspoon AvaDuVernay 'Adventure'  'Science Fiction'  'Family'  'Fantasy'
NashEdgerton,DavidOyelowo,CharlizeTheron,JoelEdgerton,'Action'  'Thriller'  'Crime'  'Drama',Gringo,'action'  'thriller'  'crime'  'drama',DavidOyelowo CharlizeTheron JoelEdgerton NashEdgerton 'Action'  'Thriller'  'Crime'  'Drama'
CoryFinley,OliviaCooke,AnyaTaylor-Joy,AntonYelchin,'Drama'  'Thriller',Thoroughbreds,'drama'  'thriller',OliviaCooke AnyaTaylor-Joy AntonYelchin CoryFinley 'Drama'  'Thriller'
ArmandoIannucci,SteveBuscemi,SimonRussellBeale,PaddyConsidine,'Comedy'  'Drama'  'History',The Death of Stalin,'comedy'  'drama'  'history',SteveBuscemi SimonRussellBeale PaddyConsidine ArmandoIannucci 'Comedy'  'Drama'  'History'
PaoloVirzì,DonaldSutherland,HelenMirren,unknown,'Drama'  'Romance'  'Adventure',The Leisure Seeker,'drama'  'romance'  'adventure',DonaldSutherland HelenMirren unknown PaoloVirzì 'Drama'  'Romance'  'Adventure'
JohannesRoberts,ChristinaHendricks,MartinHenderson,BaileeMadison,'Horror'  'Thriller',The Strangers: Prey at Night,'horror'  'thriller',ChristinaHendricks MartinHenderson BaileeMadison JohannesRoberts 'Horror'  'Thriller'
RobCohen,TobyKebbell,MaggieGrace,RyanKwanten,'Action'  'Crime'  'Thriller',The Hurricane Heist,'action'  'crime'  'thriller',TobyKebbell MaggieGrace RyanKwanten RobCohen 'Action'  'Crime'  'Thriller'
RoarUthaug,AliciaVikander,DominicWest,WaltonGoggins,'Action'  'Adventure'  'Fantasy',Tomb Raider,'action'  'adventure'  'fantasy',AliciaVikander DominicWest WaltonGoggins RoarUthaug 'Action'  'Adventure'  'Fantasy'
GregBerlanti,NickRobinson,KatherineLangford,AlexandraShipp,'Comedy'  'Drama'  'Romance',"Love, Simon",'comedy'  'drama'  'romance',NickRobinson KatherineLangford AlexandraShipp GregBerlanti 'Comedy'  'Drama'  'Romance'
JonErwin,ClorisLeachman,DennisQuaid,PriscillaShirer,'Music'  'Drama',I Can Only Imagine,'music'  'drama',ClorisLeachman DennisQuaid PriscillaShirer JonErwin 'Music'  'Drama'
JoséPadilha,RosamundPike,DanielBrühl,VincentCassel,'Thriller'  'Drama'  'Crime',7 Days in Entebbe,'thriller'  'drama'  'crime',RosamundPike DanielBrühl VincentCassel JoséPadilha 'Thriller'  'Drama'  'Crime'
LaurieCollyer,MelissaLeo,TessaThompson,LaLaAnthony,'Comedy',Furlough,'comedy',MelissaLeo TessaThompson LaLaAnthony LaurieCollyer 'Comedy'
EricEngland,SophieTurner,DylanMcDermott,JackKilmer,'Comedy'  'Music',Josie,'comedy'  'music',SophieTurner DylanMcDermott JackKilmer EricEngland 'Comedy'  'Music'
MaxWinkler,ZoeyDeutch,KathrynHahn,TimHeidecker,'Drama'  'Comedy',Flower,'drama'  'comedy',ZoeyDeutch KathrynHahn TimHeidecker MaxWinkler 'Drama'  'Comedy'
StevenS.DeKnight,JohnBoyega,ScottEastwood,CaileeSpaeny,'Action'  'Fantasy'  'Science Fiction'  'Adventure',Pacific Rim: Uprising,'action'  'fantasy'  'science fiction'  'adventure',JohnBoyega ScottEastwood CaileeSpaeny StevenS.DeKnight 'Action'  'Fantasy'  'Science Fiction'  'Adventure'
WesAnderson,BryanCranston,EdwardNorton,BillMurray,'Adventure'  'Comedy'  'Animation',Isle of Dogs,'adventure'  'comedy'  'animation',BryanCranston EdwardNorton BillMurray WesAnderson 'Adventure'  'Comedy'  'Animation'
JohnStevenson,JamesMcAvoy,EmilyBlunt,JohnnyDepp,'Animation'  'Family'  'Fantasy'  'Comedy'  'Adventure'  'Mystery',Sherlock Gnomes,'animation'  'family'  'fantasy'  'comedy'  'adventure'  'mystery',JamesMcAvoy EmilyBlunt JohnnyDepp JohnStevenson 'Animation'  'Family'  'Fantasy'  'Comedy'  'Adventure'  'Mystery'
StevenSoderbergh,ClaireFoy,JoshuaLeonard,JayPharoah,'Horror'  'Thriller',Unsane,'horror'  'thriller',ClaireFoy JoshuaLeonard JayPharoah StevenSoderbergh 'Horror'  'Thriller'
AndrewHyatt,JamesFaulkner,JimCaviezel,OlivierMartinez,'Drama'  'History',"Paul, Apostle of Christ",'drama'  'history',JamesFaulkner JimCaviezel OlivierMartinez AndrewHyatt 'Drama'  'History'
StanleyTucci,GeoffreyRush,ArmieHammer,ClémencePoésy,'Drama'  'History',Final Portrait,'drama'  'history',GeoffreyRush ArmieHammer ClémencePoésy StanleyTucci 'Drama'  'History'
ScottSpeer,BellaThorne,PatrickSchwarzenegger,RobRiggle,'Romance'  'Drama',Midnight Sun,'romance'  'drama',BellaThorne PatrickSchwarzenegger RobRiggle ScottSpeer 'Romance'  'Drama'
RyanJustice,AmandaDelaney,JustinMaina,SeanMichaelGloria,'Thriller',Followers,'thriller',AmandaDelaney JustinMaina SeanMichaelGloria RyanJustice 'Thriller'
StevenSpielberg,TyeSheridan,OliviaCooke,BenMendelsohn,'Science Fiction'  'Adventure'  'Action',Ready Player One,'science fiction'  'adventure'  'action',TyeSheridan OliviaCooke BenMendelsohn StevenSpielberg 'Science Fiction'  'Adventure'  'Action'
TylerPerry,TarajiP.Henson,LyriqBent,TikaSumpter,'Thriller',Tyler Perry's Acrimony,'thriller',TarajiP.Henson LyriqBent TikaSumpter TylerPerry 'Thriller'
MichaelMason,DavidA.R.White,JohnCorbett,ShaneHarper,'Drama',God's Not Dead: A Light in Darkness,'drama',DavidA.R.White JohnCorbett ShaneHarper MichaelMason 'Drama'
AaronKatz,LolaKirke,ZoëKravitz,GretaLee,'Science Fiction'  'Action'  'Thriller',Gemini,'science fiction'  'action'  'thriller',LolaKirke ZoëKravitz GretaLee AaronKatz 'Science Fiction'  'Action'  'Thriller'
AdamRifkin,BurtReynolds,ArielWinter,ClarkDuke,'Drama',The Last Movie Star,'drama',BurtReynolds ArielWinter ClarkDuke AdamRifkin 'Drama'
JohnKrasinski,JohnKrasinski,EmilyBlunt,MillicentSimmonds,'Science Fiction'  'Thriller'  'Horror',A Quiet Place,'science fiction'  'thriller'  'horror',JohnKrasinski EmilyBlunt MillicentSimmonds JohnKrasinski 'Science Fiction'  'Thriller'  'Horror'
KayCannon,LeslieMann,IkeBarinholtz,JohnCena,'Comedy',Blockers,'comedy',LeslieMann IkeBarinholtz JohnCena KayCannon 'Comedy'
LynneRamsay,JoaquinPhoenix,EkaterinaSamsonov,AlexManette,'Thriller'  'Drama',You Were Never Really Here,'thriller'  'drama',JoaquinPhoenix EkaterinaSamsonov AlexManette LynneRamsay 'Thriller'  'Drama'
JohnCurran,JasonClarke,KateMara,EdHelms,'History'  'Drama'  'Thriller',Chappaquiddick,'history'  'drama'  'thriller',JasonClarke KateMara EdHelms JohnCurran 'History'  'Drama'  'Thriller'
"DrewFellman,DavidDouglas",KristenBell,unknown,unknown,'Documentary',Pandas,'documentary',"KristenBell unknown unknown DrewFellman,DavidDouglas 'Documentary'"
AndrewHaigh,CharliePlummer,ChloëSevigny,TravisFimmel,'Drama'  'Adventure',Lean on Pete,'drama'  'adventure',CharliePlummer ChloëSevigny TravisFimmel AndrewHaigh 'Drama'  'Adventure'
SeanMcNamara,HelenHunt,WilliamHurt,ErinMoriarty,'Drama',The Miracle Season,'drama',HelenHunt WilliamHurt ErinMoriarty SeanMcNamara 'Drama'
BradAnderson,JonHamm,RosamundPike,DeanNorris,'Action'  'Thriller'  'Drama',Beirut,'action'  'thriller'  'drama',JonHamm RosamundPike DeanNorris BradAnderson 'Action'  'Thriller'  'Drama'
BradPeyton,DwayneJohnson,NaomieHarris,MalinÅkerman,'Action',Rampage,'action',DwayneJohnson NaomieHarris MalinÅkerman BradPeyton 'Action'
JeffWadlow,LucyHale,TylerPosey,ViolettBeane,'Thriller'  'Horror',Truth or Dare,'thriller'  'horror',LucyHale TylerPosey ViolettBeane JeffWadlow 'Thriller'  'Horror'
ChloéZhao,BradyJandreau,unknown,unknown,'Western'  'Drama',The Rider,'western'  'drama',BradyJandreau unknown unknown ChloéZhao 'Western'  'Drama'
RichardLanni,LoganLerman,HelenaBonhamCarter,GérardDepardieu,'Animation'  'Adventure'  'Family'  'History'  'War',Sgt. Stubby: An American Hero,'animation'  'adventure'  'family'  'history'  'war',LoganLerman HelenaBonhamCarter GérardDepardieu RichardLanni 'Animation'  'Adventure'  'Family'  'History'  'War'
"AbbyKohn,MarcSilverstein",AmySchumer,MichelleWilliams,EmilyRatajkowski,'Comedy'  'Romance',I Feel Pretty,'comedy'  'romance',"AmySchumer MichelleWilliams EmilyRatajkowski AbbyKohn,MarcSilverstein 'Comedy'  'Romance'"
JayChandrasekhar,JayChandrasekhar,PaulSoter,SteveLemme,'Comedy'  'Crime'  'Mystery',Super Troopers 2,'comedy'  'crime'  'mystery',JayChandrasekhar PaulSoter SteveLemme JayChandrasekhar 'Comedy'  'Crime'  'Mystery'
DeonTaylor,PaulaPatton,OmarEpps,MissiPyle,'Horror'  'Thriller',Traffik,'horror'  'thriller',PaulaPatton OmarEpps MissiPyle DeonTaylor 'Horror'  'Thriller'
PeterLivolsi,AsaButterfield,NickOfferman,EllenBurstyn,'Drama'  'Comedy',The House of Tomorrow,'drama'  'comedy',AsaButterfield NickOfferman EllenBurstyn PeterLivolsi 'Drama'  'Comedy'
NaokoYamada,AtsumiTanezaki,NaoTōyama,unknown,'Animation'  'Drama'  'Music',Liz and the Blue Bird,'animation'  'drama'  'music',AtsumiTanezaki NaoTōyama unknown NaokoYamada 'Animation'  'Drama'  'Music'
AnthonyRussoandJoeRusso,RobertDowneyJr.,ChrisHemsworth,MarkRuffalo,'Adventure'  'Action'  'Science Fiction',Avengers: Infinity War,'adventure'  'action'  'science fiction',RobertDowneyJr. ChrisHemsworth MarkRuffalo AnthonyRussoandJoeRusso 'Adventure'  'Action'  'Science Fiction'
SebastiánLelio,RachelWeisz,RachelMcAdams,AlessandroNivola,'Drama'  'Romance',Disobedience,'drama'  'romance',RachelWeisz RachelMcAdams AlessandroNivola SebastiánLelio 'Drama'  'Romance'
PerFly,BenKingsley,TheoJames,JacquelineBisset,'Thriller'  'Drama'  'History',Backstabbing for Beginners,'thriller'  'drama'  'history',BenKingsley TheoJames JacquelineBisset PerFly 'Thriller'  'Drama'  'History'
DenizGamzeErgüven,HalleBerry,DanielCraig,unknown,'Adventure'  'Drama'  'Action',Kings,'adventure'  'drama'  'action',HalleBerry DanielCraig unknown DenizGamzeErgüven 'Adventure'  'Drama'  'Action'
"RobGreenberg,BobFisher",AnnaFaris,EugenioDerbez,EvaLongoria,'Romance'  'Comedy',Overboard,'romance'  'comedy',"AnnaFaris EugenioDerbez EvaLongoria RobGreenberg,BobFisher 'Romance'  'Comedy'"
JasonReitman,CharlizeTheron,MackenzieDavis,MarkDuplass,'Drama'  'Comedy',Tully,'drama'  'comedy',CharlizeTheron MackenzieDavis MarkDuplass JasonReitman 'Drama'  'Comedy'
DeanDevlin,DavidTennant,RobertSheehan,CarlitoOlivero,'Thriller'  'Crime'  'Horror',Bad Samaritan,'thriller'  'crime'  'horror',DavidTennant RobertSheehan CarlitoOlivero DeanDevlin 'Thriller'  'Crime'  'Horror'
BobbyMiller,JohnnyGalecki,AnnaFriel,OliverPlatt,'Drama'  'Comedy'  'Fantasy',The Cleanse,'drama'  'comedy'  'fantasy',JohnnyGalecki AnnaFriel OliverPlatt BobbyMiller 'Drama'  'Comedy'  'Fantasy'
XavierBeauvois,NathalieBaye,unknown,unknown,'Family'  'Animation'  'Fantasy'  'Action'  'Adventure',The Guardians,'family'  'animation'  'fantasy'  'action'  'adventure',NathalieBaye unknown unknown XavierBeauvois 'Family'  'Animation'  'Fantasy'  'Action'  'Adventure'
BenFalcone,MelissaMcCarthy,MayaRudolph,MollyGordon,'Comedy',Life of the Party,'comedy',MelissaMcCarthy MayaRudolph MollyGordon BenFalcone 'Comedy'
JamesMcTeigue,GabrielleUnion,BillyBurke,RichardCabral,'Thriller'  'Crime'  'Action'  'Horror',Breaking In,'thriller'  'crime'  'action'  'horror',GabrielleUnion BillyBurke RichardCabral JamesMcTeigue 'Thriller'  'Crime'  'Action'  'Horror'
MichaelMayer,SaoirseRonan,AnnetteBening,CoreyStoll,'Drama'  'Romance'  'Comedy',The Seagull,'drama'  'romance'  'comedy',SaoirseRonan AnnetteBening CoreyStoll MichaelMayer 'Drama'  'Romance'  'Comedy'
VaughnStein,MargotRobbie,SimonPegg,DexterFletcher,'Comedy'  'Drama',Terminal,'comedy'  'drama',MargotRobbie SimonPegg DexterFletcher VaughnStein 'Comedy'  'Drama'
CoralieFargeat,MatildaLutz,KevinJanssens,VincentColombe,'Action'  'Thriller'  'Horror',Revenge,'action'  'thriller'  'horror',MatildaLutz KevinJanssens VincentColombe CoralieFargeat 'Action'  'Thriller'  'Horror'
DavidLeitch,RyanReynolds,JoshBrolin,ZazieBeetz,'Action'  'Comedy'  'Adventure',Deadpool 2,'action'  'comedy'  'adventure',RyanReynolds JoshBrolin ZazieBeetz DavidLeitch 'Action'  'Comedy'  'Adventure'
BillHolderman,JaneFonda,CandiceBergen,MarySteenburgen,'Comedy'  'Romance'  'Drama',Book Club,'comedy'  'romance'  'drama',JaneFonda CandiceBergen MarySteenburgen BillHolderman 'Comedy'  'Romance'  'Drama'
PaulSchrader,EthanHawke,AmandaSeyfried,CedricKyles,'Drama',First Reformed,'drama',EthanHawke AmandaSeyfried CedricKyles PaulSchrader 'Drama'
WimWenders,PopeFrancis,unknown,unknown,'Documentary',Pope Francis: A Man of His Word,'documentary',PopeFrancis unknown unknown WimWenders 'Documentary'
RajaGosnell,WillArnett,NatashaLyonne,Ludacris,'Adventure'  'Crime'  'Family'  'Comedy',Show Dogs,'adventure'  'crime'  'family'  'comedy',WillArnett NatashaLyonne Ludacris RajaGosnell 'Adventure'  'Crime'  'Family'  'Comedy'
RonHoward,AldenEhrenreich,WoodyHarrelson,EmiliaClarke,'Science Fiction'  'Adventure'  'Action'  'Crime',Solo: A Star Wars Story,'science fiction'  'adventure'  'action'  'crime',AldenEhrenreich WoodyHarrelson EmiliaClarke RonHoward 'Science Fiction'  'Adventure'  'Action'  'Crime'
JohnCameronMitchell,ElleFanning,AlexSharp,NicoleKidman,'Comedy'  'Music'  'Romance'  'Science Fiction',How to Talk to Girls at Parties,'comedy'  'music'  'romance'  'science fiction',ElleFanning AlexSharp NicoleKidman JohnCameronMitchell 'Comedy'  'Music'  'Romance'  'Science Fiction'
AnthonyByrne,NatalieDormer,EmilyRatajkowski,EdSkrein,'Drama',In Darkness,'drama',NatalieDormer EmilyRatajkowski EdSkrein AnthonyByrne 'Drama'
BruceLaBruce,SusanneSachße,VivaRuiz,KembraPfahler,'Drama',The Misandrists,'drama',SusanneSachße VivaRuiz KembraPfahler BruceLaBruce 'Drama'
"JamesFranco,BruceThierryCheung",JamesFranco,SukiWaterhouse,JeffreyWahlberg,'Science Fiction',Future World,'science fiction',"JamesFranco SukiWaterhouse JeffreyWahlberg JamesFranco,BruceThierryCheung 'Science Fiction'"
TimKirkby,JohnnyKnoxville,ChrisPontius,unknown,'Comedy'  'Drama',Action Point,'comedy'  'drama',JohnnyKnoxville ChrisPontius unknown TimKirkby 'Comedy'  'Drama'
BaltasarKormákur,ShaileneWoodley,SamClaflin,unknown,'Thriller'  'Romance'  'Adventure',Adrift,'thriller'  'romance'  'adventure',ShaileneWoodley SamClaflin unknown BaltasarKormákur 'Thriller'  'Romance'  'Adventure'
LeighWhannell,LoganMarshall-Green,BettyGabriel,HarrisonGilbertson,'Action'  'Thriller'  'Science Fiction',Upgrade,'action'  'thriller'  'science fiction',LoganMarshall-Green BettyGabriel HarrisonGilbertson LeighWhannell 'Action'  'Thriller'  'Science Fiction'
BartLayton,EvanPeters,BarryKeoghan,BlakeJenner,'Drama'  'Crime'  'Documentary',American Animals,'drama'  'crime'  'documentary',EvanPeters BarryKeoghan BlakeJenner BartLayton 'Drama'  'Crime'  'Documentary'
TheresaBennett,NoëlWells,JoshRadnor,AyaCash,'Comedy'  'Romance',Social Animals,'comedy'  'romance',NoëlWells JoshRadnor AyaCash TheresaBennett 'Comedy'  'Romance'
GaryRoss,SandraBullock,CateBlanchett,AnneHathaway,'Crime'  'Comedy'  'Action',Ocean's 8,'crime'  'comedy'  'action',SandraBullock CateBlanchett AnneHathaway GaryRoss 'Crime'  'Comedy'  'Action'
MorganNeville,FredRogers,unknown,unknown,'Documentary',Won't You Be My Neighbor?,'documentary',FredRogers unknown unknown MorganNeville 'Documentary'
AriAster,ToniCollette,AlexWolff,MillyShapiro,'Horror'  'Mystery'  'Thriller',Hereditary,'horror'  'mystery'  'thriller',ToniCollette AlexWolff MillyShapiro AriAster 'Horror'  'Mystery'  'Thriller'
DrewPearce,JodieFoster,SterlingK.Brown,SofiaBoutella,'Thriller'  'Science Fiction'  'Action',Hotel Artemis,'thriller'  'science fiction'  'action',JodieFoster SterlingK.Brown SofiaBoutella DrewPearce 'Thriller'  'Science Fiction'  'Action'
DirectorX,TrevorJackson,JasonMitchell,MichaelK.Williams,'Action'  'Crime',Superfly,'action'  'crime',TrevorJackson JasonMitchell MichaelK.Williams DirectorX 'Action'  'Crime'
BradBird,CraigT.Nelson,HollyHunter,SarahVowell,'Action'  'Adventure'  'Animation'  'Family',Incredibles 2,'action'  'adventure'  'animation'  'family',CraigT.Nelson HollyHunter SarahVowell BradBird 'Action'  'Adventure'  'Animation'  'Family'
JeffTomsic,EdHelms,JeremyRenner,JonHamm,'Comedy'  'Action',Tag,'comedy'  'action',EdHelms JeremyRenner JonHamm JeffTomsic 'Comedy'  'Action'
DominicCooke,SaoirseRonan,BillyHowle,EmilyWatson,'Drama'  'Romance',On Chesil Beach,'drama'  'romance',SaoirseRonan BillyHowle EmilyWatson DominicCooke 'Drama'  'Romance'
KevinConnolly,JohnTravolta,KellyPreston,StacyKeach,'Crime'  'Drama'  'History'  'Thriller',Gotti,'crime'  'drama'  'history'  'thriller',JohnTravolta KellyPreston StacyKeach KevinConnolly 'Crime'  'Drama'  'History'  'Thriller'
J.A.Bayona,ChrisPratt,BryceDallasHoward,RafeSpall,'Action'  'Adventure'  'Science Fiction',Jurassic World: Fallen Kingdom,'action'  'adventure'  'science fiction',ChrisPratt BryceDallasHoward RafeSpall J.A.Bayona 'Action'  'Adventure'  'Science Fiction'
ShanaFeste,VeraFarmiga,ChristopherPlummer,LewisMacDougall,'Comedy'  'Drama',Boundaries,'comedy'  'drama',VeraFarmiga ChristopherPlummer LewisMacDougall ShanaFeste 'Comedy'  'Drama'
"DavidZellner,NathanZellner",RobertPattinson,MiaWasikowska,unknown,'Comedy'  'Western',Damsel,'comedy'  'western',"RobertPattinson MiaWasikowska unknown DavidZellner,NathanZellner 'Comedy'  'Western'"
MikeP.Nelson,TylerHoechlin,KateBosworth,LanceReddick,'Thriller'  'Horror',The Domestics,'thriller'  'horror',TylerHoechlin KateBosworth LanceReddick MikeP.Nelson 'Thriller'  'Horror'
StefanoSollima,BeniciodelToro,JoshBrolin,IsabelaMoner,'Action'  'Crime'  'Drama'  'Thriller',Sicario: Day of the Soldado,'action'  'crime'  'drama'  'thriller',BeniciodelToro JoshBrolin IsabelaMoner StefanoSollima 'Action'  'Crime'  'Drama'  'Thriller'
DebraGranik,BenFoster,ThomasinMcKenzie,JeffKober,'Drama',Leave No Trace,'drama',BenFoster ThomasinMcKenzie JeffKober DebraGranik 'Drama'
CharlesStoneIII,KyrieIrving,LilRelHowery,ShaquilleO'Neal,'Comedy',Uncle Drew,'comedy',KyrieIrving LilRelHowery ShaquilleO'Neal CharlesStoneIII 'Comedy'
SusannaWhite,JessicaChastain,MichaelGreyeyes,ChaskeSpencer,'Drama'  'History'  'Western',Woman Walks Ahead,'drama'  'history'  'western',JessicaChastain MichaelGreyeyes ChaskeSpencer SusannaWhite 'Drama'  'History'  'Western'
GerardMcMurray,Y'lanNoel,LexScottDavis,JoivanWade,'Action'  'Thriller'  'Horror',The First Purge,'action'  'thriller'  'horror',Y'lanNoel LexScottDavis JoivanWade GerardMcMurray 'Action'  'Thriller'  'Horror'
PeytonReed,PaulRudd,EvangelineLilly,MichaelPeña,'Action'  'Adventure'  'Science Fiction',Ant-Man and the Wasp,'action'  'adventure'  'science fiction',PaulRudd EvangelineLilly MichaelPeña PeytonReed 'Action'  'Adventure'  'Science Fiction'
BootsRiley,LakeithStanfield,TessaThompson,ArmieHammer,'Fantasy'  'Science Fiction'  'Comedy',Sorry to Bother You,'fantasy'  'science fiction'  'comedy',LakeithStanfield TessaThompson ArmieHammer BootsRiley 'Fantasy'  'Science Fiction'  'Comedy'
KevinMacDonald,WhitneyHouston,unknown,unknown,'Music'  'Documentary',Whitney,'music'  'documentary',WhitneyHouston unknown unknown KevinMacDonald 'Music'  'Documentary'
GenndyTartakovsky,AdamSandler,AndySamberg,SelenaGomez,'Family'  'Fantasy'  'Comedy'  'Animation',Hotel Transylvania 3: Summer Vacation,'family'  'fantasy'  'comedy'  'animation',AdamSandler AndySamberg SelenaGomez GenndyTartakovsky 'Family'  'Fantasy'  'Comedy'  'Animation'
RawsonMarshallThurber,DwayneJohnson,NeveCampbell,ChinHan,'Action'  'Thriller',Skyscraper,'action'  'thriller',DwayneJohnson NeveCampbell ChinHan RawsonMarshallThurber 'Action'  'Thriller'
BoBurnham,ElsieFisher,JoshHamilton,EmilyRobinson,'Comedy'  'Drama',Eighth Grade,'comedy'  'drama',ElsieFisher JoshHamilton EmilyRobinson BoBurnham 'Comedy'  'Drama'
GusVanSant,JoaquinPhoenix,RooneyMara,JonahHill,'Comedy'  'Drama',"Don't Worry, He Won't Get Far on Foot",'comedy'  'drama',JoaquinPhoenix RooneyMara JonahHill GusVanSant 'Comedy'  'Drama'
RobReiner,WoodyHarrelson,TommyLeeJones,JamesMarsden,'Drama'  'History'  'Thriller',Shock and Awe,'drama'  'history'  'thriller',WoodyHarrelson TommyLeeJones JamesMarsden RobReiner 'Drama'  'History'  'Thriller'
OlParker,LilyJames,AmandaSeyfried,PierceBrosnan,'Comedy'  'Romance',Mamma Mia! Here We Go Again,'comedy'  'romance',LilyJames AmandaSeyfried PierceBrosnan OlParker 'Comedy'  'Romance'
AntoineFuqua,DenzelWashington,AshtonSanders,PedroPascal,'Action'  'Thriller'  'Crime',The Equalizer 2,'action'  'thriller'  'crime',DenzelWashington AshtonSanders PedroPascal AntoineFuqua 'Action'  'Thriller'  'Crime'
CarlosLópezEstrada,JaninaGavankar,EthanEmbry,DaveedDiggs,'Comedy'  'Drama',Blindspotting,'comedy'  'drama',JaninaGavankar EthanEmbry DaveedDiggs CarlosLópezEstrada 'Comedy'  'Drama'
StephenSusco,ColinWoodell,RebeccaRittenhouse,BettyGabriel,'Horror'  'Mystery'  'Thriller',Unfriended: Dark Web,'horror'  'mystery'  'thriller',ColinWoodell RebeccaRittenhouse BettyGabriel StephenSusco 'Horror'  'Mystery'  'Thriller'
ShinsukeSato,SotaFukushi,HanaSugisaki,unknown,'Action'  'Fantasy'  'Adventure',Bleach,'action'  'fantasy'  'adventure',SotaFukushi HanaSugisaki unknown ShinsukeSato 'Action'  'Fantasy'  'Adventure'
ÉdouardDeluc,VincentCassel,TuheïAdams,MalikZidi,'Drama'  'Romance',Gauguin – Voyage de Tahiti,'drama'  'romance',VincentCassel TuheïAdams MalikZidi ÉdouardDeluc 'Drama'  'Romance'
ChristopherMcQuarrie,TomCruise,HenryCavill,VingRhames,'Action'  'Adventure',Mission: Impossible – Fallout,'action'  'adventure',TomCruise HenryCavill VingRhames ChristopherMcQuarrie 'Action'  'Adventure'
PeterRidaMichail,ScottMenville,KharyPayton,TaraStrong,'Animation'  'Action'  'Comedy'  'Science Fiction',Teen Titans Go! To the Movies,'animation'  'action'  'comedy'  'science fiction',ScottMenville KharyPayton TaraStrong PeterRidaMichail 'Animation'  'Action'  'Comedy'  'Science Fiction'
TsuiHark,TsuiHark(director),ChangChia-lu,ChenKuo-Fu(screenplay),'Mystery'  'Fantasy'  'Adventure'  'Action',Detective Dee: The Four Heavenly Kings,'mystery'  'fantasy'  'adventure'  'action',TsuiHark(director) ChangChia-lu ChenKuo-Fu(screenplay) TsuiHark 'Mystery'  'Fantasy'  'Adventure'  'Action'
ElijahBynum,TimothéeChalamet,MaikaMonroe,AlexRoe,'Drama'  'Comedy',Hot Summer Nights,'drama'  'comedy',TimothéeChalamet MaikaMonroe AlexRoe ElijahBynum 'Drama'  'Comedy'
MarcTurtletaub,KellyMacdonald,IrrfanKhan,DavidDenman,'Drama',Puzzle,'drama',KellyMacdonald IrrfanKhan DavidDenman MarcTurtletaub 'Drama'
MarcForster,EwanMcGregor,HayleyAtwell,JimCummings,'Adventure'  'Comedy'  'Family'  'Fantasy',Christopher Robin,'adventure'  'comedy'  'family'  'fantasy',EwanMcGregor HayleyAtwell JimCummings MarcForster 'Adventure'  'Comedy'  'Family'  'Fantasy'
JenniferYuhNelson,AmandlaStenberg,MandyMoore,HarrisDickinson,'Science Fiction'  'Action'  'Drama'  'Romance'  'Adventure'  'Thriller',The Darkest Minds,'science fiction'  'action'  'drama'  'romance'  'adventure'  'thriller',AmandlaStenberg MandyMoore HarrisDickinson JenniferYuhNelson 'Science Fiction'  'Action'  'Drama'  'Romance'  'Adventure'  'Thriller'
SusannaFogel,MilaKunis,KateMcKinnon,JustinTheroux,'Action'  'Comedy',The Spy Who Dumped Me,'action'  'comedy',MilaKunis KateMcKinnon JustinTheroux SusannaFogel 'Action'  'Comedy'
DesireeAkhavan,ChloëGraceMoretz,SashaLane,JohnGallagher,'Drama',The Miseducation of Cameron Post,'drama',ChloëGraceMoretz SashaLane JohnGallagher DesireeAkhavan 'Drama'
AugustineFrizzell,MaiaMitchell,CamilaMorrone,KyleMooney,'Comedy',Never Goin' Back,'comedy',MaiaMitchell CamilaMorrone KyleMooney AugustineFrizzell 'Comedy'
KenMarino,NinaDobrev,FinnWolfhard,VanessaHudgens,'Romance'  'Comedy'  'Drama',Dog Days,'romance'  'comedy'  'drama',NinaDobrev FinnWolfhard VanessaHudgens KenMarino 'Romance'  'Comedy'  'Drama'
JonTurteltaub,JasonStatham,LiBingbing,RainnWilson,'Action'  'Science Fiction'  'Horror',The Meg,'action'  'science fiction'  'horror',JasonStatham LiBingbing RainnWilson JonTurteltaub 'Action'  'Science Fiction'  'Horror'
SpikeLee,JohnDavidWashington,AdamDriver,LauraHarrier,'Crime'  'Drama'  'Comedy'  'History',BlacKkKlansman,'crime'  'drama'  'comedy'  'history',JohnDavidWashington AdamDriver LauraHarrier SpikeLee 'Crime'  'Drama'  'Comedy'  'History'
SylvainWhite,JoeyKing,JuliaGoldaniTelles,JazSinclair,'Horror'  'Mystery'  'Thriller',Slender Man,'horror'  'mystery'  'thriller',JoeyKing JuliaGoldaniTelles JazSinclair SylvainWhite 'Horror'  'Mystery'  'Thriller'
Jean-StéphaneSauvaire,JoeCole,unknown,unknown,'Drama'  'Action'  'Crime',A Prayer Before Dawn,'drama'  'action'  'crime',JoeCole unknown unknown Jean-StéphaneSauvaire 'Drama'  'Action'  'Crime'
JonM.Chu,ConstanceWu,HenryGolding,GemmaChan,'Comedy'  'Drama'  'Romance',Crazy Rich Asians,'comedy'  'drama'  'romance',ConstanceWu HenryGolding GemmaChan JonM.Chu 'Comedy'  'Drama'  'Romance'
AlbertHughes,KodiSmit-McPhee,LeonorVarela,JensHultén,'Adventure'  'Drama',Alpha,'adventure'  'drama',KodiSmit-McPhee LeonorVarela JensHultén AlbertHughes 'Adventure'  'Drama'
PeterBerg,MarkWahlberg,JohnMalkovich,LaurenCohan,'Action'  'Thriller',Mile 22,'action'  'thriller',MarkWahlberg JohnMalkovich LaurenCohan PeterBerg 'Action'  'Thriller'
BjörnRunge,GlennClose,JonathanPryce,ChristianSlater,'Drama',The Wife,'drama',GlennClose JonathanPryce ChristianSlater BjörnRunge 'Drama'
JamesCox,AnselElgort,TaronEgerton,KevinSpacey,'Drama'  'Thriller',Billionaire Boys Club,'drama'  'thriller',AnselElgort TaronEgerton KevinSpacey JamesCox 'Drama'  'Thriller'
JessePeretz,EthanHawke,RoseByrne,unknown,'Comedy'  'Drama'  'Romance',"Juliet, Naked",'comedy'  'drama'  'romance',EthanHawke RoseByrne unknown JessePeretz 'Comedy'  'Drama'  'Romance'
RodrigoCortés,AnnaSophiaRobb,UmaThurman,IsabelleFuhrman,'Thriller'  'Drama'  'Fantasy'  'Horror',Down a Dark Hall,'thriller'  'drama'  'fantasy'  'horror',AnnaSophiaRobb UmaThurman IsabelleFuhrman RodrigoCortés 'Thriller'  'Drama'  'Fantasy'  'Horror'
SusanJohnson,LanaCondor,NoahCentineo,AnnaCathcart,'Comedy'  'Romance',To All the Boys I've Loved Before,'comedy'  'romance',LanaCondor NoahCentineo AnnaCathcart SusanJohnson 'Comedy'  'Romance'
BrianHenson,MelissaMcCarthy,MayaRudolph,JoelMcHale,'Action'  'Comedy'  'Crime',The Happytime Murders,'action'  'comedy'  'crime',MelissaMcCarthy MayaRudolph JoelMcHale BrianHenson 'Action'  'Comedy'  'Crime'
AneeshChaganty,JohnCho,DebraMessing,unknown,'Thriller'  'Mystery'  'Drama',Searching,'thriller'  'mystery'  'drama',JohnCho DebraMessing unknown AneeshChaganty 'Thriller'  'Mystery'  'Drama'
MichaelNoer,CharlieHunnam,RamiMalek,unknown,'Drama'  'History'  'Crime',Papillon,'drama'  'history'  'crime',CharlieHunnam RamiMalek unknown MichaelNoer 'Drama'  'History'  'Crime'
OliverDaly,AlexNeustaedter,BeckyG,AlexMacNicoll,'Science Fiction'  'Action'  'Adventure'  'Family',A.X.L.,'science fiction'  'action'  'adventure'  'family',AlexNeustaedter BeckyG AlexMacNicoll OliverDaly 'Science Fiction'  'Action'  'Adventure'  'Family'
ChrisWeitz,OscarIsaac,BenKingsley,LiorRaz,'Drama'  'History'  'Thriller',Operation Finale,'drama'  'history'  'thriller',OscarIsaac BenKingsley LiorRaz ChrisWeitz 'Drama'  'History'  'Thriller'
"JonathanBaker,JoshBaker",MylesTruitt,JackReynor,ZoëKravitz,'Crime'  'Drama'  'Thriller',Kin,'crime'  'drama'  'thriller',"MylesTruitt JackReynor ZoëKravitz JonathanBaker,JoshBaker 'Crime'  'Drama'  'Thriller'"
LennyAbrahamson,DomhnallGleeson,RuthWilson,WillPoulter,'Mystery'  'Drama'  'Horror'  'History',The Little Stranger,'mystery'  'drama'  'horror'  'history',DomhnallGleeson RuthWilson WillPoulter LennyAbrahamson 'Mystery'  'Drama'  'Horror'  'History'
VictorLevin,WinonaRyder,KeanuReeves,unknown,'Romance'  'Comedy'  'Drama',Destination Wedding,'romance'  'comedy'  'drama',WinonaRyder KeanuReeves unknown VictorLevin 'Romance'  'Comedy'  'Drama'
CorinHardy,DemiánBichir,TaissaFarmiga,JonasBloquet,'Horror'  'Mystery'  'Thriller',The Nun,'horror'  'mystery'  'thriller',DemiánBichir TaissaFarmiga JonasBloquet CorinHardy 'Horror'  'Mystery'  'Thriller'
PierreMorel,JenniferGarner,JohnOrtiz,JuanPabloRaba,'Action'  'Thriller',Peppermint,'action'  'thriller',JenniferGarner JohnOrtiz JuanPabloRaba PierreMorel 'Action'  'Thriller'
ShaneBlack,BoydHolbrook,TrevanteRhodes,JacobTremblay,'Science Fiction'  'Action'  'Adventure'  'Comedy',The Predator,'science fiction'  'action'  'adventure'  'comedy',BoydHolbrook TrevanteRhodes JacobTremblay ShaneBlack 'Science Fiction'  'Action'  'Adventure'  'Comedy'
YannDemange,MatthewMcConaughey,RichieMerritt,BelPowley,'Crime'  'Drama',White Boy Rick,'crime'  'drama',MatthewMcConaughey RichieMerritt BelPowley YannDemange 'Crime'  'Drama'
PaulFeig,AnnaKendrick,BlakeLively,HenryGolding,'Crime'  'Thriller'  'Mystery'  'Comedy',A Simple Favor,'crime'  'thriller'  'mystery'  'comedy',AnnaKendrick BlakeLively HenryGolding PaulFeig 'Crime'  'Thriller'  'Mystery'  'Comedy'
RichardEyre,EmmaThompson,StanleyTucci,FionnWhitehead,'Drama',The Children Act,'drama',EmmaThompson StanleyTucci FionnWhitehead RichardEyre 'Drama'
CraigWilliamMacneill,ChloëSevigny,KristenStewart,JayHuguley,'Crime'  'Drama'  'Thriller',Lizzie,'crime'  'drama'  'thriller',ChloëSevigny KristenStewart JayHuguley CraigWilliamMacneill 'Crime'  'Drama'  'Thriller'
HaroldCronk,SamuelHunt,MerrittPatterson,VanessaBellCalloway,'Drama',Unbroken: Path to Redemption,'drama',SamuelHunt MerrittPatterson VanessaBellCalloway HaroldCronk 'Drama'
StephenCognetti,VasileFlutur,JillianGeurts,JoyShatz,'Horror',Hell House LLC II: The Abaddon Hotel,'horror',VasileFlutur JillianGeurts JoyShatz StephenCognetti 'Horror'
EliRoth,JackBlack,CateBlanchett,OwenVaccaro,'Fantasy'  'Family'  'Comedy'  'Horror',The House with a Clock in Its Walls,'fantasy'  'family'  'comedy'  'horror',JackBlack CateBlanchett OwenVaccaro EliRoth 'Fantasy'  'Family'  'Comedy'  'Horror'
DanFogelman,OscarIsaac,OliviaWilde,MandyPatinkin,'Drama'  'Romance',Life Itself,'drama'  'romance',OscarIsaac OliviaWilde MandyPatinkin DanFogelman 'Drama'  'Romance'
JacquesAudiard,JohnC.Reilly,JoaquinPhoenix,JakeGyllenhaal,'Western'  'Drama'  'Adventure',The Sisters Brothers,'western'  'drama'  'adventure',JohnC.Reilly JoaquinPhoenix JakeGyllenhaal JacquesAudiard 'Western'  'Drama'  'Adventure'
SamLevinson,OdessaYoung,SukiWaterhouse,HariNef,'Thriller'  'Horror',Assassination Nation,'thriller'  'horror',OdessaYoung SukiWaterhouse HariNef SamLevinson 'Thriller'  'Horror'
WashWestmoreland,KeiraKnightley,DominicWest,unknown,'Drama'  'History',Colette,'drama'  'history',KeiraKnightley DominicWest unknown WashWestmoreland 'Drama'  'History'
ChristianCarion,GuillaumeCanet,MelanieLaurent,unknown,'Crime'  'Drama'  'Mystery',My Son,'crime'  'drama'  'mystery',GuillaumeCanet MelanieLaurent unknown ChristianCarion 'Crime'  'Drama'  'Mystery'
LisaDapolito,GildaRadner,unknown,unknown,'Documentary',"Love, Gilda",'documentary',GildaRadner unknown unknown LisaDapolito 'Documentary'
KenjiNagasaki,JustinBriner,ChristopherR.Sabat,CliffordChapin,'Animation'  'Action'  'Adventure'  'Fantasy',My Hero Academia: Two Heroes,'animation'  'action'  'adventure'  'fantasy',JustinBriner ChristopherR.Sabat CliffordChapin KenjiNagasaki 'Animation'  'Action'  'Adventure'  'Fantasy'
KareyKirkpatrick,ChanningTatum,JamesCorden,Zendaya,'Family'  'Animation'  'Adventure'  'Fantasy',Smallfoot,'family'  'animation'  'adventure'  'fantasy',ChanningTatum JamesCorden Zendaya KareyKirkpatrick 'Family'  'Animation'  'Adventure'  'Fantasy'
MalcolmD.Lee,KevinHart,TiffanyHaddish,RobRiggle,'Comedy',Night School,'comedy',KevinHart TiffanyHaddish RobRiggle MalcolmD.Lee 'Comedy'
DavidLowery,RobertRedford,CaseyAffleck,DannyGlover,'Comedy'  'Crime'  'Drama',The Old Man & the Gun,'comedy'  'crime'  'drama',RobertRedford CaseyAffleck DannyGlover DavidLowery 'Comedy'  'Crime'  'Drama'
GregoryPlotkin,BexTaylor-Klaus,AmyForsyth,ReignEdwards,'Horror',Hell Fest,'horror',BexTaylor-Klaus AmyForsyth ReignEdwards GregoryPlotkin 'Horror'
DaveChristiano,NicholasX.Parsons,PattyDuke,MichaelGross,None,Power of the Air,none,NicholasX.Parsons PattyDuke MichaelGross DaveChristiano None
RubenFleischer,TomHardy,MichelleWilliams,RizAhmed,'Science Fiction'  'Action',Venom,'science fiction'  'action',TomHardy MichelleWilliams RizAhmed RubenFleischer 'Science Fiction'  'Action'
BradleyCooper,BradleyCooper,LadyGaga,SamElliott,'Drama'  'Romance'  'Music',A Star Is Born,'drama'  'romance'  'music',BradleyCooper LadyGaga SamElliott BradleyCooper 'Drama'  'Romance'  'Music'
GeorgeTillmanJr.,AmandlaStenberg,ReginaHall,RussellHornsby,'Crime'  'Drama',The Hate U Give,'crime'  'drama',AmandlaStenberg ReginaHall RussellHornsby GeorgeTillmanJr. 'Crime'  'Drama'
RupertEverett,RupertEverett,ColinFirth,ColinMorgan,'Drama',The Happy Prince,'drama',RupertEverett ColinFirth ColinMorgan RupertEverett 'Drama'
DamienChazelle,RyanGosling,ClaireFoy,JasonClarke,'History'  'Drama',First Man,'history'  'drama',RyanGosling ClaireFoy JasonClarke DamienChazelle 'History'  'Drama'
DrewGoddard,JeffBridges,CynthiaErivo,DakotaJohnson,'Thriller'  'Drama'  'Mystery'  'Crime',Bad Times at the El Royale,'thriller'  'drama'  'mystery'  'crime',JeffBridges CynthiaErivo DakotaJohnson DrewGoddard 'Thriller'  'Drama'  'Mystery'  'Crime'
AriSandel,WendiMcLendon-Covey,MadisonIseman,JeremyRayTaylor,'Adventure'  'Comedy'  'Fantasy'  'Family'  'Horror',Goosebumps 2: Haunted Halloween,'adventure'  'comedy'  'fantasy'  'family'  'horror',WendiMcLendon-Covey MadisonIseman JeremyRayTaylor AriSandel 'Adventure'  'Comedy'  'Fantasy'  'Family'  'Horror'
FelixvanGroeningen,SteveCarell,TimothéeChalamet,MauraTierney,'Drama',Beautiful Boy,'drama',SteveCarell TimothéeChalamet MauraTierney FelixvanGroeningen 'Drama'
IkeBarinholtz,IkeBarinholtz,TiffanyHaddish,NoraDunn,'Comedy',The Oath,'comedy',IkeBarinholtz TiffanyHaddish NoraDunn IkeBarinholtz 'Comedy'
NickSearcy,EarlBillings,DeanCain,SarahJaneMorris,'Drama'  'Crime',Gosnell: The Trial of America's Biggest Serial Killer,'drama'  'crime',EarlBillings DeanCain SarahJaneMorris NickSearcy 'Drama'  'Crime'
"HannahMarks,JoeyPower",HannahMarks,JoeyPower(directors/screenplay),JeremyAllenWhite,'Comedy'  'Drama'  'Romance',After Everything,'comedy'  'drama'  'romance',"HannahMarks JoeyPower(directors/screenplay) JeremyAllenWhite HannahMarks,JoeyPower 'Comedy'  'Drama'  'Romance'"
DavidGordonGreen,JamieLeeCurtis,JudyGreer,AndiMatichak,'Horror'  'Thriller',Halloween,'horror'  'thriller',JamieLeeCurtis JudyGreer AndiMatichak DavidGordonGreen 'Horror'  'Thriller'
MarielleHeller,MelissaMcCarthy,RichardE.Grant,unknown,'Drama'  'Crime'  'Comedy',Can You Ever Forgive Me?,'drama'  'crime'  'comedy',MelissaMcCarthy RichardE.Grant unknown MarielleHeller 'Drama'  'Crime'  'Comedy'
JonahHill,SunnySuljic,LucasHedges,KatherineWaterston,'Drama'  'Comedy',Mid90s,'drama'  'comedy',SunnySuljic LucasHedges KatherineWaterston JonahHill 'Drama'  'Comedy'
PaulDano,CareyMulligan,JakeGyllenhaal,EdOxenbould,'Drama',Wildlife,'drama',CareyMulligan JakeGyllenhaal EdOxenbould PaulDano 'Drama'
ElizabethChomko,HilarySwank,MichaelShannon,RobertForster,'Drama',What They Had,'drama',HilarySwank MichaelShannon RobertForster ElizabethChomko 'Drama'
DonovanMarsh,GerardButler,GaryOldman,Common,'Action'  'Thriller',Hunter Killer,'action'  'thriller',GerardButler GaryOldman Common DonovanMarsh 'Action'  'Thriller'
DavidKerr,RowanAtkinson,OlgaKurylenko,BenMiller,'Action'  'Adventure'  'Comedy',Johnny English Strikes Again,'action'  'adventure'  'comedy',RowanAtkinson OlgaKurylenko BenMiller DavidKerr 'Action'  'Adventure'  'Comedy'
LucaGuadagnino,DakotaJohnson,TildaSwinton,MiaGoth,'Horror'  'Thriller',Suspiria,'horror'  'thriller',DakotaJohnson TildaSwinton MiaGoth LucaGuadagnino 'Horror'  'Thriller'
DavidG.Evans,SarahDrew,JustinBruening,JasonGeorge,'Drama'  'War',Indivisible,'drama'  'war',SarahDrew JustinBruening JasonGeorge DavidG.Evans 'Drama'  'War'
DavidMcCracken,MikeC.Nelson,JenniMelear,DavidMcCracken,'Action'  'Drama'  'Thriller',Bullitt County,'action'  'drama'  'thriller',MikeC.Nelson JenniMelear DavidMcCracken DavidMcCracken 'Action'  'Drama'  'Thriller'
BryanSinger,RamiMalek,LucyBoynton,GwilymLee,'Music'  'Drama'  'History',Bohemian Rhapsody,'music'  'drama'  'history',RamiMalek LucyBoynton GwilymLee BryanSinger 'Music'  'Drama'  'History'
"LasseHallström,JoeJohnston",KeiraKnightley,MackenzieFoy,EugenioDerbez,'Fantasy'  'Adventure'  'Family',The Nutcracker and the Four Realms,'fantasy'  'adventure'  'family',"KeiraKnightley MackenzieFoy EugenioDerbez LasseHallström,JoeJohnston 'Fantasy'  'Adventure'  'Family'"
TylerPerry,TiffanyHaddish,TikaSumpter,OmariHardwick,'Comedy'  'Romance',Nobody's Fool,'comedy'  'romance',TiffanyHaddish TikaSumpter OmariHardwick TylerPerry 'Comedy'  'Romance'
JoelEdgerton,LucasHedges,NicoleKidman,RussellCrowe,'Drama',Boy Erased,'drama',LucasHedges NicoleKidman RussellCrowe JoelEdgerton 'Drama'
MatthewHeineman,RosamundPike,JamieDornan,StanleyTucci,'War'  'Drama',A Private War,'war'  'drama',RosamundPike JamieDornan StanleyTucci MatthewHeineman 'War'  'Drama'
JosephKahn,CalumWorthy,JackieLong,RoryUphold,'Drama'  'Comedy'  'Music',Bodied,'drama'  'comedy'  'music',CalumWorthy JackieLong RoryUphold JosephKahn 'Drama'  'Comedy'  'Music'
JasonReitman,HughJackman,VeraFarmiga,J.K.Simmons,'Drama'  'History',The Front Runner,'drama'  'history',HughJackman VeraFarmiga J.K.Simmons JasonReitman 'Drama'  'History'
"YarrowCheney,ScottMosier",BenedictCumberbatch,RashidaJones,KenanThompson,'Animation'  'Family'  'Comedy'  'Fantasy',The Grinch,'animation'  'family'  'comedy'  'fantasy',"BenedictCumberbatch RashidaJones KenanThompson YarrowCheney,ScottMosier 'Animation'  'Family'  'Comedy'  'Fantasy'"
FedeÁlvarez,ClaireFoy,SverrirGudnason,LakeithStanfield,'Action'  'Crime'  'Thriller'  'Drama',The Girl in the Spider's Web,'action'  'crime'  'thriller'  'drama',ClaireFoy SverrirGudnason LakeithStanfield FedeÁlvarez 'Action'  'Crime'  'Thriller'  'Drama'
JuliusAvery,JovanAdepo,WyattRussell,MathildeOllivier,'Horror'  'War'  'Science Fiction',Overlord,'horror'  'war'  'science fiction',JovanAdepo WyattRussell MathildeOllivier JuliusAvery 'Horror'  'War'  'Science Fiction'
JoelandEthanCoen,TimBlakeNelson,ZoeKazan,LiamNeeson,'Comedy'  'Drama'  'Western',The Ballad of Buster Scruggs,'comedy'  'drama'  'western',TimBlakeNelson ZoeKazan LiamNeeson JoelandEthanCoen 'Comedy'  'Drama'  'Western'
DanielFabelo&MattHullum,GavinFree,MichaelJones,BurnieBurns,'Science Fiction'  'Action'  'Adventure'  'Comedy',Lazer Team 2,'science fiction'  'action'  'adventure'  'comedy',GavinFree MichaelJones BurnieBurns DanielFabelo&MattHullum 'Science Fiction'  'Action'  'Adventure'  'Comedy'
DavidYates,EddieRedmayne,KatherineWaterston,DanFogler,'Adventure'  'Fantasy'  'Drama',Fantastic Beasts: The Crimes of Grindelwald,'adventure'  'fantasy'  'drama',EddieRedmayne KatherineWaterston DanFogler DavidYates 'Adventure'  'Fantasy'  'Drama'
SteveMcQueen,ViolaDavis,MichelleRodriguez,ElizabethDebicki,'Crime'  'Thriller',Widows,'crime'  'thriller',ViolaDavis MichelleRodriguez ElizabethDebicki SteveMcQueen 'Crime'  'Thriller'
SeanAnders,MarkWahlberg,RoseByrne,IsabelaMoner,'Comedy'  'Drama',Instant Family,'comedy'  'drama',MarkWahlberg RoseByrne IsabelaMoner SeanAnders 'Comedy'  'Drama'
"RichMoore,PhilJohnston",JohnC.Reilly,SarahSilverman,GalGadot,'Family'  'Animation'  'Comedy'  'Adventure',Ralph Breaks the Internet,'family'  'animation'  'comedy'  'adventure',"JohnC.Reilly SarahSilverman GalGadot RichMoore,PhilJohnston 'Family'  'Animation'  'Comedy'  'Adventure'"
StevenCapleJr.,MichaelB.Jordan,SylvesterStallone,TessaThompson,'Drama',Creed II,'drama',MichaelB.Jordan SylvesterStallone TessaThompson StevenCapleJr. 'Drama'
PeterFarrelly,ViggoMortensen,MahershalaAli,LindaCardellini,'Drama'  'Comedy',Green Book,'drama'  'comedy',ViggoMortensen MahershalaAli LindaCardellini PeterFarrelly 'Drama'  'Comedy'
OttoBathurst,TaronEgerton,JamieFoxx,BenMendelsohn,'Adventure',Robin Hood,'adventure',TaronEgerton JamieFoxx BenMendelsohn OttoBathurst 'Adventure'
AlfonsoCuarón,YalitzaAparicio,MarinadeTavira,FernandoGrediaga,'Drama',Roma,'drama',YalitzaAparicio MarinadeTavira FernandoGrediaga AlfonsoCuarón 'Drama'
YorgosLanthimos,OliviaColman,EmmaStone,RachelWeisz,'History'  'Drama'  'Comedy',The Favourite,'history'  'drama'  'comedy',OliviaColman EmmaStone RachelWeisz YorgosLanthimos 'History'  'Drama'  'Comedy'
AndySerkis,RohanChand,ChristianBale,CateBlanchett,'Adventure'  'Drama',Mowgli: Legend of the Jungle,'adventure'  'drama',RohanChand ChristianBale CateBlanchett AndySerkis 'Adventure'  'Drama'
JohnMcPhail,EllaHunt,MalcolmCumming,MarliSiu,'Horror'  'Comedy'  'Fantasy',Anna and the Apocalypse,'horror'  'comedy'  'fantasy',EllaHunt MalcolmCumming MarliSiu JohnMcPhail 'Horror'  'Comedy'  'Fantasy'
NadineLabaki,ZainAlRafeea,YordanosShiferaw,BoluwatifeTreasureBankole,'Drama',Capernaum,'drama',ZainAlRafeea YordanosShiferaw BoluwatifeTreasureBankole NadineLabaki 'Drama'
JosieRourke,SaoirseRonan,MargotRobbie,JackLowden,'Drama'  'History',Mary Queen of Scots,'drama'  'history',SaoirseRonan MargotRobbie JackLowden JosieRourke 'Drama'  'History'
PeterHedges,LucasHedges,JuliaRoberts,KathrynNewton,'Drama',Ben Is Back,'drama',LucasHedges JuliaRoberts KathrynNewton PeterHedges 'Drama'
"BobPersichetti,PeterRamsey,RodneyRothman",ShameikMoore,JakeJohnson,HaileeSteinfeld,'Action'  'Adventure'  'Animation'  'Science Fiction'  'Comedy',Spider-Man: Into the Spider-Verse,'action'  'adventure'  'animation'  'science fiction'  'comedy',"ShameikMoore JakeJohnson HaileeSteinfeld BobPersichetti,PeterRamsey,RodneyRothman 'Action'  'Adventure'  'Animation'  'Science Fiction'  'Comedy'"
ChristianRivers,HugoWeaving,HeraHilmar,RobertSheehan,'Adventure'  'Science Fiction',Mortal Engines,'adventure'  'science fiction',HugoWeaving HeraHilmar RobertSheehan ChristianRivers 'Adventure'  'Science Fiction'
ClintEastwood,ClintEastwood,BradleyCooper,LaurenceFishburne,'Crime'  'Drama'  'Thriller',The Mule,'crime'  'drama'  'thriller',ClintEastwood BradleyCooper LaurenceFishburne ClintEastwood 'Crime'  'Drama'  'Thriller'
BarryJenkins,KikiLayne,StephanJames,TeyonahParris,'Romance'  'Drama',If Beale Street Could Talk,'romance'  'drama',KikiLayne StephanJames TeyonahParris BarryJenkins 'Romance'  'Drama'
RobMarshall,EmilyBlunt,Lin-ManuelMiranda,BenWhishaw,'Fantasy'  'Family'  'Comedy',Mary Poppins Returns,'fantasy'  'family'  'comedy',EmilyBlunt Lin-ManuelMiranda BenWhishaw RobMarshall 'Fantasy'  'Family'  'Comedy'
JamesWan,JasonMomoa,AmberHeard,WillemDafoe,'Action'  'Adventure'  'Fantasy',Aquaman,'action'  'adventure'  'fantasy',JasonMomoa AmberHeard WillemDafoe JamesWan 'Action'  'Adventure'  'Fantasy'
TravisKnight,HaileeSteinfeld,JohnCena,JorgeLendeborgJr.,'Action'  'Adventure'  'Science Fiction',Bumblebee,'action'  'adventure'  'science fiction',HaileeSteinfeld JohnCena JorgeLendeborgJr. TravisKnight 'Action'  'Adventure'  'Science Fiction'
RobertZemeckis,SteveCarell,LeslieMann,DianeKruger,'Drama'  'Comedy'  'Fantasy',Welcome to Marwen,'drama'  'comedy'  'fantasy',SteveCarell LeslieMann DianeKruger RobertZemeckis 'Drama'  'Comedy'  'Fantasy'
PeterSegal,JenniferLopez,LeahRemini,VanessaHudgens,'Romance'  'Comedy',Second Act,'romance'  'comedy',JenniferLopez LeahRemini VanessaHudgens PeterSegal 'Romance'  'Comedy'
PawełPawlikowski,JoannaKulig,TomaszKot,AgataKulesza,'Comedy'  'Romance',Cold War,'comedy'  'romance',JoannaKulig TomaszKot AgataKulesza PawełPawlikowski 'Comedy'  'Romance'
EtanCohen,WillFerrell,JohnC.Reilly,RebeccaHall,'Mystery'  'Adventure'  'Comedy'  'Crime',Holmes & Watson,'mystery'  'adventure'  'comedy'  'crime',WillFerrell JohnC.Reilly RebeccaHall EtanCohen 'Mystery'  'Adventure'  'Comedy'  'Crime'
AdamMcKay,ChristianBale,AmyAdams,SteveCarell,'Thriller'  'Science Fiction'  'Action'  'Adventure',Vice,'thriller'  'science fiction'  'action'  'adventure',ChristianBale AmyAdams SteveCarell AdamMcKay 'Thriller'  'Science Fiction'  'Action'  'Adventure'
MimiLeder,FelicityJones,ArmieHammer,JustinTheroux,'Drama'  'History',On the Basis of Sex,'drama'  'history',FelicityJones ArmieHammer JustinTheroux MimiLeder 'Drama'  'History'
KarynKusama,NicoleKidman,SebastianStan,TobyKebbell,'Thriller'  'Crime'  'Drama'  'Action',Destroyer,'thriller'  'crime'  'drama'  'action',NicoleKidman SebastianStan TobyKebbell KarynKusama 'Thriller'  'Crime'  'Drama'  'Action'
DavidSlade,FionnWhitehead,WillPoulter,AsimChaudhry,'Science Fiction'  'Mystery'  'Drama'  'Thriller'  'TV Movie',Black Mirror: Bandersnatch,'science fiction'  'mystery'  'drama'  'thriller'  'tv movie',FionnWhitehead WillPoulter AsimChaudhry DavidSlade 'Science Fiction'  'Mystery'  'Drama'  'Thriller'  'TV Movie'
