director_name,actor_1_name,actor_2_name,actor_3_name,genres,movie_title,comb
AdamRobitel,TaylorRussell,LoganMiller,DeborahAnnWoll,horror thriller mystery,Escape Room,TaylorRussell LoganMiller DeborahAnnWoll AdamRobitel horror thriller mystery
JenMcGowan,HermioneCorfield,JayPaulson,SeanO'Bryan,thriller drama,Rust Creek,HermioneCorfield JayPaulson SeanO'Bryan JenMcGowan thriller drama
WilsonConeybeare,DonaldSutherland,VincentKartheiser,OliverDennis,thriller,American Hangman,DonaldSutherland VincentKartheiser OliverDennis WilsonConeybeare thriller
CharlesMartinSmith,BryceDallasHoward,EdwardJamesOlmos,AlexandraShipp,drama adventure family,A Dog's Way Home,BryceDallasHoward EdwardJamesOlmos AlexandraShipp CharlesMartinSmith drama adventure family
NeilBurger,BryanCranston,KevinHart,NicoleKidman,comedy drama,The Upside,BryanCranston KevinHart NicoleKidman NeilBurger comedy drama
JeffreyNachmanoff,KeanuReeves,unknown,unknown,science fiction thriller,Replicas,KeanuReeves unknown unknown JeffreyNachmanoff science fiction thriller
BatánSilva,NataliaDyer,KyraSedgwick,TimDaly,drama family thriller science fiction,After Darkness,NataliaDyer KyraSedgwick TimDaly BatánSilva drama family thriller science fiction
M.NightShyamalan,JamesMcAvoy,BruceWillis,SamuelL.Jackson,thriller drama science fiction,Glass,JamesMcAvoy BruceWillis SamuelL.Jackson M.NightShyamalan thriller drama science fiction
VickyJewson,NoomiRapace,SophieNélisse,IndiraVarma,action thriller,Close,NoomiRapace SophieNélisse IndiraVarma VickyJewson action thriller
HenryDunham,JamesBadgeDale,BrianGeraghty,unknown,drama thriller mystery,The Standoff at Sparrow Creek,JamesBadgeDale BrianGeraghty unknown HenryDunham drama thriller mystery
TimothyWoodwardJr.,LinShaye,MichaelWelch,MelissaBolona,horror,The Final Wish,LinShaye MichaelWelch MelissaBolona TimothyWoodwardJr. horror
JoeCornish,LouisAshbourneSerkis,DeanChaumoo,TomTaylor,action adventure fantasy family,The Kid Who Would Be King,LouisAshbourneSerkis DeanChaumoo TomTaylor JoeCornish action adventure fantasy family
StevenKnight,MatthewMcConaughey,AnneHathaway,JasonClarke,science fiction action adventure thriller,Serenity,MatthewMcConaughey AnneHathaway JasonClarke StevenKnight science fiction action adventure thriller
AndrewPatterson,SierraMcCormick,JamesMontague,CraigW.Sanger(writers);SierraMcCormick,mystery science fiction thriller,The Vast of Night,SierraMcCormick JamesMontague CraigW.Sanger(writers);SierraMcCormick AndrewPatterson mystery science fiction thriller
CatherineHardwicke,GinaRodriguez,IsmaelCruzCórdova,AnthonyMackie,action,Miss Bala,GinaRodriguez IsmaelCruzCórdova AnthonyMackie CatherineHardwicke action
DanGilroy,JakeGyllenhaal,ReneRusso,ToniCollette,thriller mystery horror,Velvet Buzzsaw,JakeGyllenhaal ReneRusso ToniCollette DanGilroy thriller mystery horror
NicolasPesce,ChristopherAbbott,MiaWasikowska,LaiaCosta,thriller horror mystery,Piercing,ChristopherAbbott MiaWasikowska LaiaCosta NicolasPesce thriller horror mystery
MikeMitchell,ChrisPratt,ElizabethBanks,TiffanyHaddish,action adventure animation comedy family,The Lego Movie 2: The Second Part,ChrisPratt ElizabethBanks TiffanyHaddish MikeMitchell action adventure animation comedy family
AdamShankman,TarajiP.Henson,TracyMorgan,MaxGreenfield,comedy romance,What Men Want,TarajiP.Henson TracyMorgan MaxGreenfield AdamShankman comedy romance
HansPetterMoland,LiamNeeson,TomBateman,TomJackson,action crime thriller,Cold Pursuit,LiamNeeson TomBateman TomJackson HansPetterMoland action crime thriller
StevenSoderbergh,AndréHolland,ZazieBeetz,MelvinGregg,drama,High Flying Bird,AndréHolland ZazieBeetz MelvinGregg StevenSoderbergh drama
NicholasMcCarthy,TaylorSchilling,PeterMooney,ColmFeore,horror thriller,The Prodigy,TaylorSchilling PeterMooney ColmFeore NicholasMcCarthy horror thriller
ToddStrauss-Schulson,RebelWilson,LiamHemsworth,AdamDeVine,comedy fantasy romance,Isn't It Romantic,RebelWilson LiamHemsworth AdamDeVine ToddStrauss-Schulson comedy fantasy romance
ChristopherLandon,JessicaRothe,IsraelBroussard,PhiVu,comedy horror science fiction,Happy Death Day 2U,JessicaRothe IsraelBroussard PhiVu ChristopherLandon comedy horror science fiction
RobertRodriguez,RosaSalazar,ChristophWaltz,JenniferConnelly,action science fiction adventure,Alita: Battle Angel,RosaSalazar ChristophWaltz JenniferConnelly RobertRodriguez action science fiction adventure
DeanDeBlois,JayBaruchel,AmericaFerrera,CateBlanchett,animation family adventure,How to Train Your Dragon: The Hidden World,JayBaruchel AmericaFerrera CateBlanchett DeanDeBlois animation family adventure
StephenMerchant,FlorencePugh,LenaHeadey,NickFrost,comedy,Fighting with My Family,FlorencePugh LenaHeadey NickFrost StephenMerchant comedy
TylerPerry,TylerPerry,CourtneyBurrell,PatriceLovely,comedy,Tyler Perry's A Madea Family Funeral,TylerPerry CourtneyBurrell PatriceLovely TylerPerry comedy
NeilJordan,IsabelleHuppert,ChloëGraceMoretz,MaikaMonroe,drama mystery thriller horror,Greta,IsabelleHuppert ChloëGraceMoretz MaikaMonroe NeilJordan drama mystery thriller horror
J.C.Chandor,BenAffleck,OscarIsaac,CharlieHunnam,action thriller crime adventure,Triple Frontier,BenAffleck OscarIsaac CharlieHunnam J.C.Chandor action thriller crime adventure
"AnnaBoden,RyanFleck",BrieLarson,SamuelL.Jackson,BenMendelsohn,action adventure science fiction,Captain Marvel,"BrieLarson SamuelL.Jackson BenMendelsohn AnnaBoden,RyanFleck action adventure science fiction"
VincentD'Onofrio,EthanHawke,DaneDeHaan,JakeSchur,fantasy comedy family,The Kid,EthanHawke DaneDeHaan JakeSchur VincentD'Onofrio fantasy comedy family
RupertWyatt,JohnGoodman,AshtonSanders,JonathanMajors,science fiction,Captive State,JohnGoodman AshtonSanders JonathanMajors RupertWyatt science fiction
KattShea,SophiaLillis,ZoeRenee,MackenzieGraham,crime family comedy mystery,Nancy Drew and the Hidden Staircase,SophiaLillis ZoeRenee MackenzieGraham KattShea crime family comedy mystery
JamesKent,AlexanderSkarsgård,KeiraKnightley,JasonClarke,war drama romance,The Aftermath,AlexanderSkarsgård KeiraKnightley JasonClarke JamesKent war drama romance
JustinBaldoni,ColeSprouse,HaleyLuRichardson,unknown,romance drama,Five Feet Apart,ColeSprouse HaleyLuRichardson unknown JustinBaldoni romance drama
JohnLeeHancock,KevinCostner,WoodyHarrelson,KathyBates,crime drama thriller,The Highwaymen,KevinCostner WoodyHarrelson KathyBates JohnLeeHancock crime drama thriller
RobertRodriguez,RobyAttal,LaurenHatfield,AlejandroRoseGarcia,thriller science fiction,Red 11,RobyAttal LaurenHatfield AlejandroRoseGarcia RobertRodriguez thriller science fiction
IvanKavanagh,EmileHirsch,TimAhern,DéborahFrançois,western,Never Grow Old,EmileHirsch TimAhern DéborahFrançois IvanKavanagh western
JesseV.Johnson,TonyJaa,IkoUwais,TigerChen,thriller action,Triple Threat,TonyJaa IkoUwais TigerChen JesseV.Johnson thriller action
JordanPeele,LupitaNyong'o,WinstonDuke,ShahadiWrightJoseph,thriller horror mystery,Us,LupitaNyong'o WinstonDuke ShahadiWrightJoseph JordanPeele thriller horror mystery
AnthonyMaras,DevPatel,ArmieHammer,NazaninBoniadi,thriller history drama action,Hotel Mumbai,DevPatel ArmieHammer NazaninBoniadi AnthonyMaras thriller history drama action
JeffTremaine,DouglasBooth,IwanRheon,MachineGunKelly,drama music history,The Dirt,DouglasBooth IwanRheon MachineGunKelly JeffTremaine drama music history
S.CraigZahler,MelGibson,VinceVaughn,MichaelJaiWhite,crime action thriller,Dragged Across Concrete,MelGibson VinceVaughn MichaelJaiWhite S.CraigZahler crime action thriller
TimBurton,ColinFarrell,MichaelKeaton,DannyDeVito,animation family,Dumbo,ColinFarrell MichaelKeaton DannyDeVito TimBurton animation family
HarmonyKorine,MatthewMcConaughey,ZacEfron,JonahHill,comedy,The Beach Bum,MatthewMcConaughey ZacEfron JonahHill HarmonyKorine comedy
"ChuckKonzelman,CarySoloman",AshleyBratcher,BrooksRyan,RobiaScott,drama,Unplanned,"AshleyBratcher BrooksRyan RobiaScott ChuckKonzelman,CarySoloman drama"
DavidF.Sandberg,ZacharyLevi,AsherAngel,MarkStrong,action comedy fantasy,Shazam!,ZacharyLevi AsherAngel MarkStrong DavidF.Sandberg action comedy fantasy
"KevinKolsch,DennisWidmyer",JasonClarke,AmySeimetz,JohnLithgow,horror thriller,Pet Sematary,"JasonClarke AmySeimetz JohnLithgow KevinKolsch,DennisWidmyer horror thriller"
RobinBissell,TarajiP.Henson,SamRockwell,unknown,drama history,The Best of Enemies,TarajiP.Henson SamRockwell unknown RobinBissell drama history
ClaireDenis,RobertPattinson,JulietteBinoche,AndréBenjamin,science fiction drama mystery thriller,High Life,RobertPattinson JulietteBinoche AndréBenjamin ClaireDenis science fiction drama mystery thriller
BrieLarson,BrieLarson,SamuelL.Jackson,JoanCusack,fantasy drama comedy,Unicorn Store,BrieLarson SamuelL.Jackson JoanCusack BrieLarson fantasy drama comedy
DanielFarrands,HilaryDuff,JonathanBennett,LydiaHearst,horror thriller,The Haunting of Sharon Tate,HilaryDuff JonathanBennett LydiaHearst DanielFarrands horror thriller
EmmaTammi,CaitlinGerard,AshleyZukerman,JuliaGoldaniTelles,western horror thriller,The Wind,CaitlinGerard AshleyZukerman JuliaGoldaniTelles EmmaTammi western horror thriller
JohnR.Leonetti,KiernanShipka,StanleyTucci,MirandaOtto,horror drama thriller fantasy,The Silence,KiernanShipka StanleyTucci MirandaOtto JohnR.Leonetti horror drama thriller fantasy
NeilMarshall,DavidHarbour,MillaJovovich,IanMcShane,fantasy action adventure science fiction,Hellboy,DavidHarbour MillaJovovich IanMcShane NeilMarshall fantasy action adventure science fiction
TinaGordon,IssaRae,ReginaHall,MarsaiMartin,comedy,Little,IssaRae ReginaHall MarsaiMartin TinaGordon comedy
ChrisButler,HughJackman,ZachGalifianakis,ZoeSaldana,family animation comedy adventure fantasy,Missing Link,HughJackman ZachGalifianakis ZoeSaldana ChrisButler family animation comedy adventure fantasy
JennyGage,JosephineLangford,HeroFiennesTiffin,SelmaBlair,romance drama,After,JosephineLangford HeroFiennesTiffin SelmaBlair JennyGage romance drama
AlexRossPerry,ElisabethMoss,CaraDelevingne,DanStevens,drama music,Her Smell,ElisabethMoss CaraDelevingne DanStevens AlexRossPerry drama music
RoxannDawson,ChrissyMetz,JoshLucas,TopherGrace,drama,Breakthrough,ChrissyMetz JoshLucas TopherGrace RoxannDawson drama
MichaelChaves,LindaCardellini,RaymondCruz,PatriciaVelasquez,horror thriller,The Curse of La Llorona,LindaCardellini RaymondCruz PatriciaVelasquez MichaelChaves horror thriller
DavidRobertMitchell,AndrewGarfield,RileyKeough,TopherGrace,crime drama mystery,Under the Silver Lake,AndrewGarfield RileyKeough TopherGrace DavidRobertMitchell crime drama mystery
LauraSteinel,TaylorSchilling,BrianTyreeHenry,BrynVale,animation adventure comedy family,Family,TaylorSchilling BrianTyreeHenry BrynVale LauraSteinel animation adventure comedy family
JuliaHart,GuguMbatha-Raw,LorraineToussaint,SaniyyaSidney,thriller science fiction,Fast Color,GuguMbatha-Raw LorraineToussaint SaniyyaSidney JuliaHart thriller science fiction
JenniferKaytinRobinson,GinaRodriguez,BrittanySnow,DeWandaWise,comedy romance,Someone Great,GinaRodriguez BrittanySnow DeWandaWise JenniferKaytinRobinson comedy romance
MeirZarchi,CamilleKeaton,MariaOlsen,MeirZarchi,horror thriller,I Spit on Your Grave: Deja Vu,CamilleKeaton MariaOlsen MeirZarchi MeirZarchi horror thriller
AnthonyandJoeRusso,RobertDowneyJr.,ChrisEvans,MarkRuffalo,adventure science fiction action,Avengers: Endgame,RobertDowneyJr. ChrisEvans MarkRuffalo AnthonyandJoeRusso adventure science fiction action
JoshLobo,A.J.Bowen,ScottPoythress,SusanBurke,horror mystery drama,I Trapped the Devil,A.J.Bowen ScottPoythress SusanBurke JoshLobo horror mystery drama
RoxanneBenjamin,KarinaFontes,CaseyAdams,EmilyAlthaus,thriller,Body at Brighton Rock,KarinaFontes CaseyAdams EmilyAlthaus RoxanneBenjamin thriller
TanyaWexler,ZoeyDeutch,JermaineFowler,JudyGreer,comedy drama romance,Buffaloed,ZoeyDeutch JermaineFowler JudyGreer TanyaWexler comedy drama romance
JonathanLevine,SethRogen,CharlizeTheron,O'SheaJacksonJr.,comedy romance,Long Shot,SethRogen CharlizeTheron O'SheaJacksonJr. JonathanLevine comedy romance
DeonTaylor,DennisQuaid,MichaelEaly,MeaganGood,thriller,The Intruder,DennisQuaid MichaelEaly MeaganGood DeonTaylor thriller
KellyAsbury,KellyClarkson,Pitbull,NickJonas,family animation comedy adventure fantasy music,UglyDolls,KellyClarkson Pitbull NickJonas KellyAsbury family animation comedy adventure fantasy music
JoeBerlinger,ZacEfron,LilyCollins,KayaScodelario,thriller crime drama,"Extremely Wicked, Shockingly Evil and Vile",ZacEfron LilyCollins KayaScodelario JoeBerlinger thriller crime drama
WilliamBindley,KJApa,MaiaMitchell,JacobLatimore,romance comedy,The Last Summer,KJApa MaiaMitchell JacobLatimore WilliamBindley romance comedy
RobLetterman,RyanReynolds,JusticeSmith,KathrynNewton,action adventure fantasy,Pokémon Detective Pikachu,RyanReynolds JusticeSmith KathrynNewton RobLetterman action adventure fantasy
ChrisAddison,AnneHathaway,RebelWilson,AlexSharp,comedy,The Hustle,AnneHathaway RebelWilson AlexSharp ChrisAddison comedy
DomeKarukoski,NicholasHoult,LilyCollins,ColmMeaney,war drama history romance,Tolkien,NicholasHoult LilyCollins ColmMeaney DomeKarukoski war drama history romance
ZaraHayes,DianeKeaton,JackiWeaver,PamGrier,comedy drama,Poms,DianeKeaton JackiWeaver PamGrier ZaraHayes comedy drama
ChadStahelski,KeanuReeves,HalleBerry,LaurenceFishburne,action thriller crime,John Wick: Chapter 3 – Parabellum,KeanuReeves HalleBerry LaurenceFishburne ChadStahelski action thriller crime
GailMancuso,DennisQuaid,JoshGad,MargHelgenberger,family adventure drama,A Dog's Journey,DennisQuaid JoshGad MargHelgenberger GailMancuso family adventure drama
RyRusso-Young,YaraShahidi,CharlesMelton,JohnLeguizamo,romance drama,The Sun Is Also a Star,YaraShahidi CharlesMelton JohnLeguizamo RyRusso-Young romance drama
WayneRoberts,JohnnyDepp,RosemarieDeWitt,DannyHuston,history drama mystery thriller,The Professor,JohnnyDepp RosemarieDeWitt DannyHuston WayneRoberts history drama mystery thriller
JoannaHogg,HonorSwintonByrne,TomBurke,TildaSwinton,drama,The Souvenir,HonorSwintonByrne TomBurke TildaSwinton JoannaHogg drama
GuyRitchie,MenaMassoud,WillSmith,NaomiScott,adventure fantasy romance family,Aladdin,MenaMassoud WillSmith NaomiScott GuyRitchie adventure fantasy romance family
DavidYarovesky,ElizabethBanks,DavidDenman,JacksonA.Dunn,horror thriller science fiction,Brightburn,ElizabethBanks DavidDenman JacksonA.Dunn DavidYarovesky horror thriller science fiction
OliviaWilde,KaitlynDever,BeanieFeldstein,JessicaWilliams,comedy,Booksmart,KaitlynDever BeanieFeldstein JessicaWilliams OliviaWilde comedy
RichardShepard,AllisonWilliams,LoganBrowning,StevenWeber,horror thriller drama,The Perfection,AllisonWilliams LoganBrowning StevenWeber RichardShepard horror thriller drama
NahnatchkaKhan,AliWong,RandallPark,DanielDaeKim,romance comedy,Always Be My Maybe,AliWong RandallPark DanielDaeKim NahnatchkaKhan romance comedy
MichaelDougherty,KyleChandler,VeraFarmiga,MillieBobbyBrown,science fiction action,Godzilla: King of the Monsters,KyleChandler VeraFarmiga MillieBobbyBrown MichaelDougherty science fiction action
DexterFletcher,TaronEgerton,JamieBell,RichardMadden,music drama history,Rocketman,TaronEgerton JamieBell RichardMadden DexterFletcher music drama history
TateTaylor,OctaviaSpencer,JulietteLewis,DianaSilvers,drama,Ma,OctaviaSpencer JulietteLewis DianaSilvers TateTaylor drama
SimonKinberg,JamesMcAvoy,MichaelFassbender,JenniferLawrence,science fiction action adventure,Dark Phoenix,JamesMcAvoy MichaelFassbender JenniferLawrence SimonKinberg science fiction action adventure
ChrisRenaud,PattonOswalt,EricStonestreet,KevinHart,adventure animation comedy family,The Secret Life of Pets 2,PattonOswalt EricStonestreet KevinHart ChrisRenaud adventure animation comedy family
NishaGanatra,EmmaThompson,MindyKaling,MaxCasella,comedy drama,Late Night,EmmaThompson MindyKaling MaxCasella NishaGanatra comedy drama
JoeTalbot,JimmieFails,JonathanMajors,DannyGlover,drama,The Last Black Man in San Francisco,JimmieFails JonathanMajors DannyGlover JoeTalbot drama
SethGreen,BreckinMeyer,MacaulayCulkin,BrendaSong,comedy drama,Changeland,BreckinMeyer MacaulayCulkin BrendaSong SethGreen comedy drama
F.GaryGray,ChrisHemsworth,TessaThompson,KumailNanjiani,comedy science fiction,Men in Black: International,ChrisHemsworth TessaThompson KumailNanjiani F.GaryGray comedy science fiction
TimStory,SamuelL.Jackson,JessieUsher,RichardRoundtree,action crime,Shaft,SamuelL.Jackson JessieUsher RichardRoundtree TimStory action crime
JimJarmusch,BillMurray,AdamDriver,TildaSwinton,comedy horror fantasy,The Dead Don't Die,BillMurray AdamDriver TildaSwinton JimJarmusch comedy horror fantasy
KyleNewacheck,AdamSandler,JenniferAniston,LukeEvans,comedy,Murder Mystery,AdamSandler JenniferAniston LukeEvans KyleNewacheck comedy
"JeffChan,AndrewRhymer",MayaErskine,JackQuaid,BeckBennett,romance comedy drama,Plus One,"MayaErskine JackQuaid BeckBennett JeffChan,AndrewRhymer romance comedy drama"
MirandaBailey,JimGaffigan,LoganMiller,SamanthaMathis,comedy,Being Frank,JimGaffigan LoganMiller SamanthaMathis MirandaBailey comedy
JoshCooley,TomHanks,TimAllen,AnniePotts,family adventure animation comedy fantasy drama,Toy Story 4,TomHanks TimAllen AnniePotts JoshCooley family adventure animation comedy fantasy drama
LucBesson,SashaLuss,HelenMirren,LukeEvans,thriller action,Anna,SashaLuss HelenMirren LukeEvans LucBesson thriller action
LarsKlevberg,AubreyPlaza,GabrielBateman,BrianTyreeHenry,horror,Child's Play,AubreyPlaza GabrielBateman BrianTyreeHenry LarsKlevberg horror
GaryDauberman,MckennaGrace,MadisonIseman,KatieSarife,horror thriller mystery,Annabelle Comes Home,MckennaGrace MadisonIseman KatieSarife GaryDauberman horror thriller mystery
DannyBoyle,HimeshPatel,LilyJames,EdSheeran,music comedy romance fantasy,Yesterday,HimeshPatel LilyJames EdSheeran DannyBoyle music comedy romance fantasy
ClaireMcCarthy,DaisyRidley,NaomiWatts,CliveOwen,romance history,Ophelia,DaisyRidley NaomiWatts CliveOwen ClaireMcCarthy romance history
MartinOwen,TommyFlanagan,RhyonNicoleBrown,JessicaAlba,action thriller crime mystery,Killers Anonymous,TommyFlanagan RhyonNicoleBrown JessicaAlba MartinOwen action thriller crime mystery
JonWatts,TomHolland,SamuelL.Jackson,Zendaya,action adventure science fiction,Spider-Man: Far From Home,TomHolland SamuelL.Jackson Zendaya JonWatts action adventure science fiction
JohnHerzfeld,SylvesterStallone,CurtisJackson,DaveBautista,action thriller crime,Escape Plan: The Extractors,SylvesterStallone CurtisJackson DaveBautista JohnHerzfeld action thriller crime
AriAster,FlorencePugh,JackReynor,WilliamJacksonHarper,horror drama mystery,Midsommar,FlorencePugh JackReynor WilliamJacksonHarper AriAster horror drama mystery
MichaelDowse,KumailNanjiani,DaveBautista,IkoUwais,action comedy,Stuber,KumailNanjiani DaveBautista IkoUwais MichaelDowse action comedy
AlexandreAja,KayaScodelario,BarryPepper,unknown,thriller horror action,Crawl,KayaScodelario BarryPepper unknown AlexandreAja thriller horror action
JoeLynch,FrankGrillo,AnthonyMackie,MarciaGayHarden,action thriller,Point Blank,FrankGrillo AnthonyMackie MarciaGayHarden JoeLynch action thriller
LuluWang,Awkwafina,TziMa,DianaLin,comedy drama,The Farewell,Awkwafina TziMa DianaLin LuluWang comedy drama
PollyannaMcintosh,PollyannaMcIntosh,CooperAndrews,Nora-JaneNoone,horror mystery,Darlin',PollyannaMcIntosh CooperAndrews Nora-JaneNoone PollyannaMcintosh horror mystery
JonFavreau,DonaldGlover,SethRogen,ChiwetelEjiofor,family animation drama,The Lion King,DonaldGlover SethRogen ChiwetelEjiofor JonFavreau family animation drama
QuentinTarantino,LeonardoDiCaprio,BradPitt,MargotRobbie,comedy drama thriller,Once Upon a Time in Hollywood,LeonardoDiCaprio BradPitt MargotRobbie QuentinTarantino comedy drama thriller
GuyNattiv,JamieBell,DanielleMacdonald,DanielHenshall,thriller action drama,Skin,JamieBell DanielleMacdonald DanielHenshall GuyNattiv thriller action drama
GideonRaff,ChrisEvans,HaleyBennett,MichaelK.Williams,drama thriller history,The Red Sea Diving Resort,ChrisEvans HaleyBennett MichaelK.Williams GideonRaff drama thriller history
DavidLeitch,DwayneJohnson,JasonStatham,IdrisElba,action adventure comedy,Fast & Furious Presents: Hobbs & Shaw,DwayneJohnson JasonStatham IdrisElba DavidLeitch action adventure comedy
ShawnKu,NicolasCage,BenjaminBratt,unknown,action thriller drama,A Score to Settle,NicolasCage BenjaminBratt unknown ShawnKu action thriller drama
YuvalAdler,DianeKruger,MartinFreeman,CasAnvar,drama thriller,The Operative,DianeKruger MartinFreeman CasAnvar YuvalAdler drama thriller
JamesBobin,IsabelaMoner,EugenioDerbez,MichaelPeña,adventure comedy family,Dora and the Lost City of Gold,IsabelaMoner EugenioDerbez MichaelPeña JamesBobin adventure comedy family
AndreaBerloff,MelissaMcCarthy,TiffanyHaddish,ElisabethMoss,drama crime action,The Kitchen,MelissaMcCarthy TiffanyHaddish ElisabethMoss AndreaBerloff drama crime action
SimonCurtis,MiloVentimiglia,AmandaSeyfried,KathyBaker,comedy drama romance,The Art of Racing in the Rain,MiloVentimiglia AmandaSeyfried KathyBaker SimonCurtis comedy drama romance
AndréØvredal,ZoeColletti,MichaelGarza,GabrielRush,horror thriller,Scary Stories to Tell in the Dark,ZoeColletti MichaelGarza GabrielRush AndréØvredal horror thriller
"TylerNilson,MichaelSchwartz",ShiaLaBeouf,DakotaJohnson,JohnHawkes,adventure drama comedy,The Peanut Butter Falcon,"ShiaLaBeouf DakotaJohnson JohnHawkes TylerNilson,MichaelSchwartz adventure drama comedy"
BartFreundlich,MichelleWilliams,JulianneMoore,BillyCrudup,drama,After the Wedding,MichelleWilliams JulianneMoore BillyCrudup BartFreundlich drama
CaseyAffleck,CaseyAffleck,AnnaPniowsky,TomBower,science fiction drama,Light of My Life,CaseyAffleck AnnaPniowsky TomBower CaseyAffleck science fiction drama
ThuropVanOrman,JasonSudeikis,JoshGad,LeslieJones,animation comedy adventure family,The Angry Birds Movie 2,JasonSudeikis JoshGad LeslieJones ThuropVanOrman animation comedy adventure family
GeneStupnitsky,JacobTremblay,BradyNoon,KeithL.Williams,comedy,Good Boys,JacobTremblay BradyNoon KeithL.Williams GeneStupnitsky comedy
GurinderChadha,ViveikKalra,KulvinderGhir,MeeraGanatra,drama comedy,Blinded by the Light,ViveikKalra KulvinderGhir MeeraGanatra GurinderChadha drama comedy
RichardLinklater,CateBlanchett,BillyCrudup,EmmaNelson,drama comedy,"Where'd You Go, Bernadette",CateBlanchett BillyCrudup EmmaNelson RichardLinklater drama comedy
JohannesRoberts,JohnCorbett,NiaLong,SophieNelisse,horror drama adventure,47 Meters Down: Uncaged,JohnCorbett NiaLong SophieNelisse JohannesRoberts horror drama adventure
WilliamMcGregor,MaxinePeake,EleanorWorthingtonCox,RichardHarrington,drama mystery horror history,Gwen,MaxinePeake EleanorWorthingtonCox RichardHarrington WilliamMcGregor drama mystery horror history
"MattBettinelli-Olpin,TylerGillett",SamaraWeaving,AdamBrody,MarkO'Brien,horror thriller comedy,Ready or Not,"SamaraWeaving AdamBrody MarkO'Brien MattBettinelli-Olpin,TylerGillett horror thriller comedy"
RicRomanWaugh,GerardButler,MorganFreeman,JadaPinkettSmith,action thriller,Angel Has Fallen,GerardButler MorganFreeman JadaPinkettSmith RicRomanWaugh action thriller
PaulDownsColaizzo,JillianBell,MichaelaWatkins,UtkarshAmbudkar,comedy drama,Brittany Runs a Marathon,JillianBell MichaelaWatkins UtkarshAmbudkar PaulDownsColaizzo comedy drama
AlexKendrick,AlexKendrick,PriscillaShirer,BenDavies,drama,Overcomer,AlexKendrick PriscillaShirer BenDavies AlexKendrick drama
DavidM.Rosenthal,MichaelEaly,JesseWilliams,NicoleBeharie,drama mystery horror,Jacob's Ladder,MichaelEaly JesseWilliams NicoleBeharie DavidM.Rosenthal drama mystery horror
MikeGan,TildaCobham-Hervey,SukiWaterhouse,HarryShumJr.,thriller,Burn,TildaCobham-Hervey SukiWaterhouse HarryShumJr. MikeGan thriller
JacobAaronEstes,JacobAaronEstes,DrewDaywalt(story);DavidOyelowo,StormReid,science fiction thriller mystery crime,Don't Let Go,JacobAaronEstes DrewDaywalt(story);DavidOyelowo StormReid JacobAaronEstes science fiction thriller mystery crime
MicahGallo,BruceDavison,DeniseCrosby,ElizabethRoberts,horror thriller,Itsy Bitsy,BruceDavison DeniseCrosby ElizabethRoberts MicahGallo horror thriller
FredDurst,JohnTravolta,DevonSawa,AnaGolja,crime thriller,The Fanatic,JohnTravolta DevonSawa AnaGolja FredDurst crime thriller
AndyMuschietti,JamesMcAvoy,JessicaChastain,BillHader,horror fantasy,It Chapter Two,JamesMcAvoy JessicaChastain BillHader AndyMuschietti horror fantasy
ChelseaStardust,HayleyGriffith,RubyModine,ArdenMyrin,horror comedy,Satanic Panic,HayleyGriffith RubyModine ArdenMyrin ChelseaStardust horror comedy
AliLeRoi,StevenSilver,NicolaPeltz,unknown,drama thriller,The Obituary of Tunde Johnson,StevenSilver NicolaPeltz unknown AliLeRoi drama thriller
JohnCrowley,AnselElgort,OakesFegley,AneurinBarnard,drama,The Goldfinch,AnselElgort OakesFegley AneurinBarnard JohnCrowley drama
LoreneScafaria,ConstanceWu,JenniferLopez,JuliaStiles,drama comedy crime,Hustlers,ConstanceWu JenniferLopez JuliaStiles LoreneScafaria drama comedy crime
MichaelTyburski,RashidaJones,PeterSarsgaard,TonyRevolori,drama,The Sound of Silence,RashidaJones PeterSarsgaard TonyRevolori MichaelTyburski drama
AlejandroLandes,JulianneNicholson,MoisésArias,unknown,drama war,Monos,JulianneNicholson MoisésArias unknown AlejandroLandes drama war
NzinghaStewart,AvaMichelle,GriffinGluck,LukeEisner,comedy drama romance,Tall Girl,AvaMichelle GriffinGluck LukeEisner NzinghaStewart comedy drama romance
LarsKlevberg,KathrynPrescott,GraceZabriskie,SamanthaLogan,horror thriller mystery,Polaroid,KathrynPrescott GraceZabriskie SamanthaLogan LarsKlevberg horror thriller mystery
JamesGray,BradPitt,TommyLeeJones,RuthNegga,science fiction drama,Ad Astra,BradPitt TommyLeeJones RuthNegga JamesGray science fiction drama
MichaelEngler,HughBonneville,JimCarter,MichelleDockery,drama romance history,Downton Abbey,HughBonneville JimCarter MichelleDockery MichaelEngler drama romance history
AdrianGrunberg,SylvesterStallone,AdrianaBarraza,PazVega,action thriller drama,Rambo: Last Blood,SylvesterStallone AdrianaBarraza PazVega AdrianGrunberg action thriller drama
HenryJacobson,SeannWilliamScott,MarielaGarriga,DaleDickey,horror science fiction,Bloodline,SeannWilliamScott MarielaGarriga DaleDickey HenryJacobson horror science fiction
JasonCabell,NicolasCage,LaurenceFishburne,unknown,action,Running with the Devil,NicolasCage LaurenceFishburne unknown JasonCabell action
BradAnderson,SamWorthington,LilyRabe,StephenTobolowsky,thriller,Fractured,SamWorthington LilyRabe StephenTobolowsky BradAnderson thriller
JillCulton,ChloeBennet,AlbertTsai,TenzingNorgayTrainor,family animation adventure comedy,Abominable,ChloeBennet AlbertTsai TenzingNorgayTrainor JillCulton family animation adventure comedy
StevenSoderbergh,MerylStreep,GaryOldman,AntonioBanderas,drama crime comedy,The Laundromat,MerylStreep GaryOldman AntonioBanderas StevenSoderbergh drama crime comedy
RupertGoold,RenéeZellweger,JessieBuckley,FinnWittrock,drama history music,Judy,RenéeZellweger JessieBuckley FinnWittrock RupertGoold drama history music
FranckKhalfoun,LoganMiller,KristineFroseth,unknown,thriller,Prey,LoganMiller KristineFroseth unknown FranckKhalfoun thriller
ToddPhillips,JoaquinPhoenix,RobertDeNiro,ZazieBeetz,crime thriller drama,Joker,JoaquinPhoenix RobertDeNiro ZazieBeetz ToddPhillips crime thriller drama
NoahHawley,NataliePortman,JonHamm,ZazieBeetz,drama science fiction thriller,Lucy in the Sky,NataliePortman JonHamm ZazieBeetz NoahHawley drama science fiction thriller
CraigBrewer,EddieMurphy,Keegan-MichaelKey,MikeEpps,drama comedy history,Dolemite Is My Name,EddieMurphy Keegan-MichaelKey MikeEpps CraigBrewer drama comedy history
VincenzoNatali,PatrickWilson,HarrisonGilbertson,RachelWilson,horror drama thriller,In the Tall Grass,PatrickWilson HarrisonGilbertson RachelWilson VincenzoNatali horror drama thriller
KevinMcMullin,KeeanJohnson,JaedenMartell,AlexNeustaedter,drama thriller,Low Tide,KeeanJohnson JaedenMartell AlexNeustaedter KevinMcMullin drama thriller
AbeForsythe,LupitaNyong'o,AlexanderEngland,JoshGad,adventure fantasy comedy family,Little Monsters,LupitaNyong'o AlexanderEngland JoshGad AbeForsythe adventure fantasy comedy family
AngLee,WillSmith,MaryElizabethWinstead,CliveOwen,science fiction action thriller,Gemini Man,WillSmith MaryElizabethWinstead CliveOwen AngLee science fiction action thriller
"ConradVernon,GregTiernan",OscarIsaac,CharlizeTheron,ChloëGraceMoretz,animation adventure comedy family,The Addams Family,"OscarIsaac CharlizeTheron ChloëGraceMoretz ConradVernon,GregTiernan animation adventure comedy family"
DavidMichôd,TimothéeChalamet,JoelEdgerton,SeanHarris,action thriller science fiction,The King,TimothéeChalamet JoelEdgerton SeanHarris DavidMichôd action thriller science fiction
"JonLucas,ScottMoore",AdamDevine,RoseByrne,AlexandraShipp,comedy,Jexi,"AdamDevine RoseByrne AlexandraShipp JonLucas,ScottMoore comedy"
VinceGilligan,AaronPaul,JessePlemons,ScottMacArthur,crime drama thriller action,El Camino: A Breaking Bad Movie,AaronPaul JessePlemons ScottMacArthur VinceGilligan crime drama thriller action
JoachimRønning,AngelinaJolie,ElleFanning,MichellePfeiffer,family fantasy adventure,Maleficent: Mistress of Evil,AngelinaJolie ElleFanning MichellePfeiffer JoachimRønning family fantasy adventure
RubenFleischer,WoodyHarrelson,JesseEisenberg,EmmaStone,horror action comedy,Zombieland: Double Tap,WoodyHarrelson JesseEisenberg EmmaStone RubenFleischer horror action comedy
TaikaWaititi,RomanGriffinDavis,ThomasinMcKenzie,ScarlettJohansson,comedy war drama,Jojo Rabbit,RomanGriffinDavis ThomasinMcKenzie ScarlettJohansson TaikaWaititi comedy war drama
RobertEggers,WillemDafoe,RobertPattinson,unknown,drama fantasy thriller horror,The Lighthouse,WillemDafoe RobertPattinson unknown RobertEggers drama fantasy thriller horror
BabakAnvari,ArmieHammer,DakotaJohnson,ZazieBeetz,horror drama mystery thriller,Wounds,ArmieHammer DakotaJohnson ZazieBeetz BabakAnvari horror drama mystery thriller
DeonTaylor,NaomieHarris,TyreseGibson,FrankGrillo,action thriller,Black and Blue,NaomieHarris TyreseGibson FrankGrillo DeonTaylor action thriller
AlfonsoGomez-Rejon,BenedictCumberbatch,MichaelShannon,KatherineWaterston,drama history,The Current War,BenedictCumberbatch MichaelShannon KatherineWaterston AlfonsoGomez-Rejon drama history
JustinDec,ElizabethLail,PeterFacinelli,AnneWinters,horror thriller,Countdown,ElizabethLail PeterFacinelli AnneWinters JustinDec horror thriller
DanKrauss,NatWolff,AlexanderSkarsgård,unknown,war action drama,The Kill Team,NatWolff AlexanderSkarsgård unknown DanKrauss war action drama
"ChrisLofing,TravisCluff",ChrisMilligan,EmaHorvath,BrittanyFalardeau,horror thriller,The Gallows Act II,"ChrisMilligan EmaHorvath BrittanyFalardeau ChrisLofing,TravisCluff horror thriller"
TimMiller,LindaHamilton,ArnoldSchwarzenegger,MackenzieDavis,action adventure science fiction thriller,Terminator: Dark Fate,LindaHamilton ArnoldSchwarzenegger MackenzieDavis TimMiller action adventure science fiction thriller
EdwardNorton,EdwardNorton,BruceWillis,GuguMbatha-Raw,drama thriller,Motherless Brooklyn,EdwardNorton BruceWillis GuguMbatha-Raw EdwardNorton drama thriller
MartinScorsese,RobertDeNiro,AlPacino,JoePesci,crime drama history,The Irishman,RobertDeNiro AlPacino JoePesci MartinScorsese crime drama history
KasiLemmons,CynthiaErivo,LeslieOdomJr.,JoeAlwyn,drama history,Harriet,CynthiaErivo LeslieOdomJr. JoeAlwyn KasiLemmons drama history
AaronWoodley,JeremyRenner,JamesFranco,HeidiKlum,animation adventure comedy,Arctic Dogs,JeremyRenner JamesFranco HeidiKlum AaronWoodley animation adventure comedy
NoahBaumbach,ScarlettJohansson,AdamDriver,LauraDern,drama,Marriage Story,ScarlettJohansson AdamDriver LauraDern NoahBaumbach drama
MikeFlanagan,EwanMcGregor,RebeccaFerguson,KylieghCurran,horror thriller,Doctor Sleep,EwanMcGregor RebeccaFerguson KylieghCurran MikeFlanagan horror thriller
PaulFeig,EmiliaClarke,HenryGolding,MichelleYeoh,comedy romance drama,Last Christmas,EmiliaClarke HenryGolding MichelleYeoh PaulFeig comedy romance drama
AndyFickman,JohnCena,Keegan-MichaelKey,JohnLeguizamo,comedy family,Playing with Fire,JohnCena Keegan-MichaelKey JohnLeguizamo AndyFickman comedy family
LukeSnellin,IsabelaMerced,ShameikMoore,KiernanShipka,romance comedy,Let It Snow,IsabelaMerced ShameikMoore KiernanShipka LukeSnellin romance comedy
RolandEmmerich,EdSkrein,PatrickWilson,LukeEvans,war history action drama,Midway,EdSkrein PatrickWilson LukeEvans RolandEmmerich war history action drama
SergioPablos,J.K.Simmons,JasonSchwartzman,RashidaJones,animation family adventure comedy,Klaus,J.K.Simmons JasonSchwartzman RashidaJones SergioPablos animation family adventure comedy
AlmaHar'el,ShiaLaBeouf,LucasHedges,NoahJupe,drama,Honey Boy,ShiaLaBeouf LucasHedges NoahJupe AlmaHar'el drama
CharlieBean,TessaThompson,JustinTheroux,KierseyClemons,family animation romance,Lady and the Tramp,TessaThompson JustinTheroux KierseyClemons CharlieBean family animation romance
MarcLawrence,AnnaKendrick,BillHader,KingsleyBen-Adir,family comedy fantasy,Noelle,AnnaKendrick BillHader KingsleyBen-Adir MarcLawrence family comedy fantasy
JamesMangold,MattDamon,ChristianBale,JonBernthal,drama action history,Ford v Ferrari,MattDamon ChristianBale JonBernthal JamesMangold drama action history
ElizabethBanks,KristenStewart,NaomiScott,EllaBalinska,action adventure comedy,Charlie's Angels,KristenStewart NaomiScott EllaBalinska ElizabethBanks action adventure comedy
BillCondon,IanMcKellen,HelenMirren,RussellTovey,crime,The Good Liar,IanMcKellen HelenMirren RussellTovey BillCondon crime
ScottZ.Burns,AdamDriver,AnnetteBening,TedLevine,thriller drama,The Report,AdamDriver AnnetteBening TedLevine ScottZ.Burns thriller drama
TreyEdwardShults,KelvinHarrisonJr.,LucasHedges,TaylorRussell,romance drama,Waves,KelvinHarrisonJr. LucasHedges TaylorRussell TreyEdwardShults romance drama
"ChrisBuck,JenniferLee",IdinaMenzel,KristenBell,JonathanGroff,family animation adventure comedy fantasy,Frozen II,"IdinaMenzel KristenBell JonathanGroff ChrisBuck,JenniferLee family animation adventure comedy fantasy"
MarielleHeller,TomHanks,MatthewRhys,SusanKelechiWatson,drama history,A Beautiful Day in the Neighborhood,TomHanks MatthewRhys SusanKelechiWatson MarielleHeller drama history
BrianKirk,ChadwickBoseman,SiennaMiller,StephanJames,crime action drama,21 Bridges,ChadwickBoseman SiennaMiller StephanJames BrianKirk crime action drama
ToddHaynes,MarkRuffalo,AnneHathaway,TimRobbins,drama thriller history,Dark Waters,MarkRuffalo AnneHathaway TimRobbins ToddHaynes drama thriller history
RianJohnson,DanielCraig,ChrisEvans,AnadeArmas,comedy drama crime mystery,Knives Out,DanielCraig ChrisEvans AnadeArmas RianJohnson comedy drama crime mystery
MelinaMatsoukas,DanielKaluuya,JodieTurner-Smith,BokeemWoodbine,drama romance crime,Queen & Slim,DanielKaluuya JodieTurner-Smith BokeemWoodbine MelinaMatsoukas drama romance crime
FernandoMeirelles,AnthonyHopkins,JonathanPryce,unknown,drama comedy history,The Two Popes,AnthonyHopkins JonathanPryce unknown FernandoMeirelles drama comedy history
LinoDiSalvo,AnyaTaylor-Joy,DanielRadcliffe,GabrielBateman,family animation comedy adventure,Playmobil: The Movie,AnyaTaylor-Joy DanielRadcliffe GabrielBateman LinoDiSalvo family animation comedy adventure
TomHarper,FelicityJones,EddieRedmayne,HimeshPatel,adventure drama romance,The Aeronauts,FelicityJones EddieRedmayne HimeshPatel TomHarper adventure drama romance
SamTaylor-Johnson,AaronTaylor-Johnson,BillyBobThornton,OdessaYoung,drama,A Million Little Pieces,AaronTaylor-Johnson BillyBobThornton OdessaYoung SamTaylor-Johnson drama
AdamEgyptMortimer,MilesRobbins,PatrickSchwarzenegger,SashaLane,fantasy horror mystery thriller,Daniel Isn't Real,MilesRobbins PatrickSchwarzenegger SashaLane AdamEgyptMortimer fantasy horror mystery thriller
JakeKasdan,DwayneJohnson,JackBlack,KevinHart,adventure comedy fantasy,Jumanji: The Next Level,DwayneJohnson JackBlack KevinHart JakeKasdan adventure comedy fantasy
ClintEastwood,PaulWalterHauser,SamRockwell,KathyBates,drama history crime,Richard Jewell,PaulWalterHauser SamRockwell KathyBates ClintEastwood drama history crime
SophiaTakal,ImogenPoots,LilyDonoghue,AleyseShannon,horror thriller mystery,Black Christmas,ImogenPoots LilyDonoghue AleyseShannon SophiaTakal horror thriller mystery
MichaelBay,RyanReynolds,MélanieLaurent,ManuelGarcia-Rulfo,action thriller comedy,6 Underground,RyanReynolds MélanieLaurent ManuelGarcia-Rulfo MichaelBay action thriller comedy
JayRoach,CharlizeTheron,NicoleKidman,MargotRobbie,drama history,Bombshell,CharlizeTheron NicoleKidman MargotRobbie JayRoach drama history
Safdiebrothers,AdamSandler,LakeithStanfield,JuliaFox,drama crime thriller,Uncut Gems,AdamSandler LakeithStanfield JuliaFox Safdiebrothers drama crime thriller
BenedictAndrews,KristenStewart,JackO'Connell,MargaretQualley,thriller drama,Seberg,KristenStewart JackO'Connell MargaretQualley BenedictAndrews thriller drama
TerrenceMalick,AugustDiehl,ValeriePachner,MatthiasSchoenaerts,drama war history,A Hidden Life,AugustDiehl ValeriePachner MatthiasSchoenaerts TerrenceMalick drama war history
J.J.Abrams,CarrieFisher,MarkHamill,AdamDriver,action adventure science fiction,Star Wars: The Rise of Skywalker,CarrieFisher MarkHamill AdamDriver J.J.Abrams action adventure science fiction
TomHooper,JamesCorden,JudiDench,JasonDerulo,family comedy,Cats,JamesCorden JudiDench JasonDerulo TomHooper family comedy
EricsonCore,WillemDafoe,JulianneNicholson,ChristopherHeyerdahl,adventure family,Togo,WillemDafoe JulianneNicholson ChristopherHeyerdahl EricsonCore adventure family
"NickBruno,TroyQuane",WillSmith,TomHolland,RashidaJones,animation action adventure comedy family,Spies in Disguise,"WillSmith TomHolland RashidaJones NickBruno,TroyQuane animation action adventure comedy family"
GretaGerwig,SaoirseRonan,EmmaWatson,FlorencePugh,drama romance,Little Women,SaoirseRonan EmmaWatson FlorencePugh GretaGerwig drama romance
SamMendes,GeorgeMacKay,Dean-CharlesChapman,MarkStrong,war drama action thriller,1917,GeorgeMacKay Dean-CharlesChapman MarkStrong SamMendes war drama action thriller
DestinDanielCretton,MichaelB.Jordan,JamieFoxx,BrieLarson,drama crime history,Just Mercy,MichaelB.Jordan JamieFoxx BrieLarson DestinDanielCretton drama crime history
ChinonyeChukwu,AlfreWoodard,WendellPierce,AldisHodge,drama,Clemency,AlfreWoodard WendellPierce AldisHodge ChinonyeChukwu drama
